registryid,x,y,county_fips,state_fips,state_nuclear_restrictions,state_electricity_price,state_net_electricity_imports,state_nuclear_inclusive_policy,pop_weight_svi,traditionally_regulated_state_energy_market,state_construction_labor_5yr_mean_annual_wage,count_protected_lands,count_hazardous_facilities_within_5mi,fault_line_hazard,landslide_hazard,max_pga_lt_0o3g,hundred_year_flood_zone,open_water_or_wetland,pop_weight_sentiment,slope_lt_12pct,population_center_dist,ret_facility_dist,count_nuclear_rd_within_100mi,substation_dist,road_dist,streamflow_50kgpm_within_20mi
C3,-88.0103,31.0069,1097.0,1,0,11.7255555555555,-44514,0,0.63443662699154,1,31188,0.0,4.0,1,1,1,1,0,0.409656653714862,1,26.0685827685281,39.5307264851497,0,0.114528256192487,0.246808283449654,1
C26,-86.45806,33.244211,1117.0,1,0,9.18666666666666,-44514,0,0.603448461937095,1,31188,0.0,0.0,1,1,1,0,1,0.440809584961215,1,5.87932353931806,143.580430036321,0,0.0864753354114293,0.183056067371739,0
C59,-98.34822,40.854765,31079.0,31,0,9.18666666666666,-4762,0,0.413877826809605,1,34198,0.0,1.0,1,1,1,1,0,0.44178872947298,1,5.63117885054077,123.072729706522,0,0.160167599491203,0.231259062096233,0
C60,-98.31244,40.580872,31001.0,31,0,9.85555555555555,-4762,0,0.8100304680783,0,34198,0.0,4.0,1,1,1,1,0,0.441390915804254,1,61.4453538130491,65.2079176404736,0,0.133705926302003,0.144724010751054,1
C108,-100.9725,37.9308,20055.0,20,0,10.8466666666666,-7317,0,0.383557185523655,1,35474,0.0,3.0,1,1,1,1,1,0.439977029726568,1,61.2648024548933,50.3122024181153,0,0.38889982728261,0.105553136667781,0
C113,-110.3033,34.9394,4017.0,4,0,12.6466666666666,-31045,0,0.735113002562067,1,35834,0.0,0.0,1,1,1,1,1,0.427171964436996,1,5.91622118726624,0.0,0,0.0913485076657557,0.222749725038939,1
C130,-80.11324,33.371506,45015.0,45,0,12.6466666666666,-13311,0,0.144974405906712,1,31916,0.0,0.0,1,1,1,1,0,0.444291111412735,1,9.90170223257736,0.0,0,0.406729129090822,0.0116235570850302,1
C136,-81.63278,29.733056,12107.0,12,0,12.6466666666666,13226,0,0.107041712754923,1,31532,0.0,1.0,1,1,1,1,1,0.466327782888414,1,30.7869583970503,43.9675880512045,1,0.283561853568856,0.903573995770807,1
C160,-109.8931,32.0603,4003.0,4,0,11.7255555555555,-31045,0,0.667867866451797,1,35834,0.0,0.0,1,1,1,1,1,0.44391636163118,1,20.119341426099,81.7245159843628,0,0.0480538304322973,0.14945567315261,1
C165,-95.2894,36.190278,40097.0,40,0,10.8466666666666,-15919,0,0.370500772934287,1,31740,0.0,2.0,1,0,1,1,0,0.414343278259878,1,19.5026447810877,84.028117709238,0,0.265989687929392,0.0543427595360735,1
C298,-96.2525,31.4219,48293.0,48,0,12.1533333333333,6948,0,0.315037519378562,0,32638,0.0,1.0,1,1,1,1,0,0.455940922481737,1,76.5351191728583,0.0,1,0.423017843343282,3.52113655855891,1
C470,-104.5747,38.2081,8101.0,8,0,10.14,3420,1,0.206973821159795,1,36626,0.0,1.0,1,1,1,1,1,0.391553946109598,1,16.055596190967,18.9134936968571,0,0.305532231474111,2.42588958657208,1
C492,-104.8333,38.824444,8041.0,8,0,11.3133333333333,3420,1,0.222965960909487,0,36626,0.0,7.0,1,0,1,1,1,0.403053714867807,1,22.6093887718579,0.0,0,0.156949071420455,0.0929188123306858,1
C525,-107.185,40.4856,8107.0,8,0,11.9544444444444,3420,1,0.359367303200739,1,36626,0.0,1.0,1,0,1,1,1,0.421190751093096,1,140.945462945151,0.0,0,0.461546522995315,0.038073392075106,0
C564,-81.1678,28.4822,12095.0,12,0,7.91333333333333,13226,0,0.0979342216357302,1,31532,0.0,4.0,1,1,1,1,1,0.438517278291185,1,63.3837813301941,55.2696717589785,0,1.01032267640471,0.0457662312132263,1
C594,-75.2341,38.5857,10005.0,10,0,10.14,7552,0,0.519840700821979,1,36184,0.0,4.0,1,1,1,1,0,0.433916717680139,1,54.4237965405695,32.0678282036509,0,0.367769080877796,0.061514224678715,1
C602,-76.5389,39.18,24003.0,24,0,11.4288888888888,25934,0,0.545098442874835,1,34766,0.0,7.0,1,0,1,1,1,0.406487606892998,1,14.429855279089,0.0,1,0.288126915832555,0.370422468807619,1
C628,-82.6977,28.9656,12017.0,12,0,8.67111111111111,13226,0,0.691155658845258,1,31532,0.0,0.0,1,1,1,1,1,0.476416732251035,1,26.2304165175613,8.42932356240562,1,0.41678333290618,0.762949067005282,1
C641,-87.2244,30.5661,12033.0,12,0,11.1111111111111,13226,0,0.447385027204181,1,31532,0.0,3.0,1,1,1,1,0,0.457795170784842,1,6.91379756274942,11.5372636045723,0,0.132818260103284,0.401544617162005,1
C645,-82.4036,27.7944,12057.0,12,0,10.7422222222222,13226,0,0.301530917849457,1,31532,0.0,2.0,1,1,1,0,0,0.43220773281889,1,11.7761461344386,23.9522413808367,0,0.59064306851179,0.0991758208244695,1
C667,-81.5525,30.4172,12031.0,12,0,10.14,13226,0,0.280095308951785,1,31532,0.0,4.0,1,1,1,1,1,0.461506022825288,1,35.1769017175863,33.5668311665247,1,0.206626405333674,0.13666728768077,1
C703,-84.9222,34.1256,13015.0,13,0,10.8766666666666,23537,0,0.605076899561453,1,33230,0.0,2.0,1,0,1,1,1,0.4392802764317079,1,25.8630853578667,0.0,0,0.141057425535895,0.13990247646716,1
C856,-89.6631,40.5958,17143.0,17,2,11.2888888888888,-34739,0,0.367582674155517,1,59038,0.0,5.0,1,0,1,1,0,0.430685703937374,1,24.3587209905583,0.0,0,0.113321084203028,0.202588153248426,1
C876,-89.49639,39.590556,17021.0,17,2,11.2888888888888,-34739,0,0.326867714109273,1,59038,0.0,0.0,1,1,1,1,1,0.411098941266675,1,37.7319264735583,38.0831455428317,0,0.257552724015956,0.0577775034448571,1
C879,-89.6786,40.5408,17179.0,17,2,11.2888888888888,-34739,0,0.50975912612587,1,59038,0.0,3.0,1,0,1,1,1,0.430427274435741,1,11.029684360515,0.0,0,0.236031565897921,0.0197675114774537,1
C883,-87.8133,42.3833,17097.0,17,2,9.85555555555555,-34739,0,0.801474836195459,0,59038,0.0,2.0,1,1,1,1,1,0.426484613689728,0,24.9993084210008,10.6864060741853,1,0.284973060364953,0.0839925917505731,1
C884,-88.0629,41.6334,17197.0,17,2,10.7422222222222,-34739,0,0.190776076505887,1,59038,0.0,7.0,1,0,1,1,1,0.446874693971035,1,28.1758215103235,0.0,1,0.119863632404092,0.147920113338029,1
C887,-88.85889,37.2094,17127.0,17,2,11.2888888888888,-34739,0,0.391190783994459,1,59038,0.0,1.0,1,1,1,1,1,0.39723072874428,1,15.8940928877213,0.0,0,0.107731807773425,0.0241283593948185,1
C889,-89.8544,38.205,17157.0,17,2,9.85555555555555,-34739,0,0.767849821186424,0,59038,0.0,0.0,1,1,1,1,1,0.406833981819605,1,18.2518123079416,0.0,0,0.188802290985132,0.0572800542312088,1
C963,-89.60239,39.754803,17167.0,17,2,9.85555555555555,-34739,0,0.511748215413948,0,59038,0.0,3.0,1,1,1,0,1,0.411183423124816,1,63.7565175527337,62.7836770361838,0,0.11212843132971,0.234557823739681,1
C976,-88.95311,37.619747,17199.0,17,2,9.85555555555555,-34739,0,0.812452754759367,0,59038,2.0,1.0,1,1,1,1,0,0.416356476274049,1,42.1586626539052,46.4163875411064,0,0.106430156720222,0.518443957999691,1
C983,-85.4206,38.7378,18077.0,18,0,9.85555555555555,12707,1,0.814620942928518,0,39630,0.0,0.0,1,1,1,1,0,0.38976123779257,1,14.8927428524487,0.0,0,0.170467043404605,0.356480860404245,0
C994,-87.2525,38.5281,18125.0,18,0,9.85555555555555,12707,1,0.844002105080303,0,39630,0.0,3.0,1,1,1,1,1,0.385630713024431,1,56.9193374927795,44.1632045418512,0,0.220785901272304,0.117722302546108,1
C997,-86.9086,41.7208,,18,0,12.6855555555555,12707,1,0.389035058632924,0,39630,0.0,2.0,1,1,1,1,0,0.410456245116838,1,28.6626224002398,43.0547824104736,1,0.190749238138253,0.122572270249347,1
C1001,-87.4244,39.9242,18165.0,18,0,8.67111111111111,12707,1,0.85951525429534,1,39630,0.0,0.0,1,1,1,1,0,0.398688162412663,1,19.9043956802663,78.4082584605914,1,0.183403966441846,0.195550048658035,1
C1004,-87.2472,38.8067,18083.0,18,0,9.85555555555555,12707,1,0.850362136556514,0,39630,0.0,0.0,1,1,1,1,1,0.381800247623295,1,47.2583002925536,0.0,0,0.148063483179374,0.0353992573052768,0
C1012,-87.3275,37.9111,18173.0,18,0,10.7422222222222,12707,1,0.405518513433353,1,39630,0.0,2.0,1,1,1,1,0,0.388327400384487,1,7.6032711620984,9.49000533610818,0,0.117148624504357,0.222192140598822,1
C1024,-86.8992,40.048889,18107.0,18,0,11.2888888888888,12707,1,0.571760042782889,1,39630,0.0,2.0,1,1,1,1,1,0.407296795472399,1,36.3217039608883,51.2577396343113,1,0.101175980973033,0.03430375186705,1
C1040,-84.8953,39.8028,18177.0,18,0,11.9544444444444,12707,1,0.737724929279792,1,39630,0.0,4.0,1,1,1,1,1,0.383413165375685,1,72.5622866519995,78.0586575288012,0,0.0754807169379132,0.0365685700943073,0
C1047,-91.1675,43.3359,19005.0,19,0,10.7666666666666,-5401,0,0.538465845536332,1,37572,0.0,0.0,1,1,1,1,0,0.409165598619513,1,44.6192118149281,0.0,0,0.0328230590738025,0.0740741413601134,1
C1073,-91.63917,41.944039,19113.0,19,0,9.16888888888888,-5401,0,0.63651010340665,1,37572,0.0,5.0,1,1,1,1,0,0.438905850940435,1,86.2196951113354,87.2499514324356,0,0.0667926105512852,0.046470823835256,0
C1082,-95.8408,41.18,19155.0,19,0,11.4288888888888,-5401,0,0.688900099541727,1,37572,0.0,5.0,1,1,1,1,0,0.433439267942265,1,39.187612243953,0.0,0,0.143809572526305,0.0472740396430839,1
C1091,-96.36171,42.299794,19193.0,19,0,10.14,-5401,0,0.652803931418728,1,37572,0.0,2.0,1,1,1,1,1,0.421560937447602,1,17.8357171512073,0.131424336296547,0,0.199860542466336,0.0933106197026772,1
C1104,-91.11667,40.7412,19057.0,19,0,9.41333333333333,-5401,0,0.754573056699587,1,37572,0.0,2.0,1,1,1,1,0,0.393809956263546,1,51.8984264389055,147.535467613889,0,0.112504709610892,0.307504399150207,1
C1167,-91.0569,41.3917,19139.0,19,0,9.16888888888888,-5401,0,0.52174429046299,1,37572,0.0,2.0,1,1,1,1,1,0.456699233506815,1,39.4665076870857,7.22971209079457,0,0.0260390633756241,0.321892052817439,1
C1241,-94.6456,38.3481,20107.0,20,0,11.2888888888888,-7317,0,0.437462451336483,1,35474,0.0,1.0,1,1,1,1,1,0.408542521042182,1,16.4574470702749,0.501315215106258,0,0.307902121001085,0.0260851003576672,1
C1250,-95.26917,39.0072,20045.0,20,0,10.7422222222222,-7317,0,0.741301610033787,1,35474,0.0,3.0,1,1,1,1,0,0.408042516944839,1,37.6709488850594,59.8833569811857,1,0.0109145605079534,0.138450820299158,1
C1355,-84.71257,37.78831,21167.0,21,0,8.76111111111111,8059,0,0.885616055043201,1,36214,0.0,0.0,1,1,1,1,1,0.414142852769618,1,33.7366399563878,86.3687639706533,0,0.112021698314551,0.0783502480954531,1
C1356,-85.035,38.7497,21041.0,21,0,10.14,8059,0,0.579218900070273,1,36214,0.0,1.0,1,1,1,1,1,0.396600880344556,1,26.8373828853151,17.8963399761456,0,0.340552983583075,0.193926861891286,1
C1364,-85.9103,38.0525,21111.0,21,0,12.8755555555555,8059,0,0.726592226419134,1,36214,0.0,1.0,1,1,1,1,1,0.413278132627568,1,23.0978915103081,27.8977369140539,0,0.193875098402935,0.0762795557554943,1
C1379,-88.775,37.1517,21145.0,21,0,9.16888888888888,8059,0,0.740424047418492,1,36214,0.0,2.0,1,1,1,1,1,0.396907852864214,1,19.0151537786803,94.6695420032246,0,0.249199694661483,0.324944278984483,1
C1384,-84.5919,36.9981,21199.0,21,0,8.88111111111111,8059,0,0.48200187446648,1,36214,0.0,3.0,1,0,1,1,0,0.389684081461638,1,102.487634274483,93.390829816104,1,0.11791584522512,0.098122288943375,1
C1393,-93.2911,30.2844,22019.0,22,0,9.85555555555555,19849,0,0.792673138523695,0,34416,0.0,6.0,1,1,1,1,1,0.414412197804447,1,19.7550892242529,0.0,0,0.161840277057891,1.77208465818092,1
C1554,-76.5268,39.1781,24003.0,24,0,11.9544444444444,25934,0,0.417010387105169,1,34766,0.0,6.0,1,1,1,1,1,0.406160096240188,1,4.35429215638328,0.0,1,0.131310187587433,0.153863828355581,0
C1573,-76.9767,38.3592,24017.0,24,0,7.91333333333333,25934,0,0.110875991633487,1,34766,0.0,2.0,1,1,1,1,1,0.422358457357737,1,75.2412411989417,73.8385631967373,1,0.20816424690036,0.128953807454831,0
C1702,-83.84007,43.644996,26017.0,26,0,15.8255555555555,-7468,0,0.493886236263877,0,39690,0.0,2.0,1,1,1,1,1,0.406641967532677,1,5.13734550027969,0.0,0,0.181547391783159,0.276008350866171,1
C1710,-86.20074,42.910296,26139.0,26,0,12.6855555555555,-7468,0,0.452999380180746,0,39690,0.0,1.0,1,1,1,1,1,0.435390546700666,1,21.4163870532037,1.69262632729923,0,0.0414070484067789,0.051045520760528,1
C1733,-83.3464,41.8906,26115.0,26,0,10.8466666666666,-7468,0,0.442792544639932,1,39690,0.0,2.0,1,1,1,1,1,0.452859013255494,1,16.1909717479433,70.7327156768834,0,0.261972010232613,0.122998375986608,1
C1743,-82.4719,42.7642,26147.0,26,0,12.6466666666666,-7468,0,0.162196161727245,1,39690,0.0,4.0,1,1,1,1,1,0.412938337274177,1,16.8497360011802,42.7435070530387,0,0.1887889247719,0.179551594926957,1
C1745,-83.1808,42.1217,26163.0,26,0,12.6855555555555,-7468,0,0.427184508860149,0,39690,0.0,4.0,1,1,1,1,1,0.43944975662752,1,35.5967020502851,19.3245333974274,0,0.171652194473649,0.257177792281824,1
C1832,-84.65722,42.692222,26045.0,26,0,8.76111111111111,-7468,0,0.877268839539616,1,39690,0.0,1.0,1,1,1,1,0,0.410070749443415,1,22.5418785165806,95.8902776171591,0,0.191114031483492,0.0440637463781367,1
C1893,-93.6528,47.2611,27061.0,27,1,14.8655555555555,12734,0,0.590417191918447,1,50780,0.0,1.0,1,1,1,1,0,0.414595705694849,1,54.6235111311065,0.0,0,0.0765920900218153,0.122698100380884,1
C1915,-92.7786,45.03,27163.0,27,1,10.8466666666666,12734,0,0.453010245248337,1,50780,2.0,4.0,1,1,1,1,0,0.437428341818942,1,0.943742038834132,72.93172964218,0,0.177066610136973,0.274198608168413,1
C1979,-92.935,47.4294,,27,1,9.16888888888888,12734,0,0.4000076285366,1,50780,1.0,2.0,1,1,1,1,1,0.402401187942965,1,3.22830584749154,30.7780803180347,0,0.0534729793392493,0.100887710217226,1
C2079,-94.4778,39.1306,29095.0,29,0,9.16888888888888,5253,0,0.364235972472744,1,47082,1.0,7.0,1,0,1,1,0,0.40144534666679,1,3.95938457644933,37.6064839055073,0,0.128927294730145,0.289294834137534,1
C2103,-90.83769,38.562244,29071.0,29,0,9.18666666666666,5253,0,0.294729296266668,1,47082,1.0,1.0,1,1,1,1,1,0.395476568963551,1,6.84999817585276,62.8482971039141,1,0.238901159189321,0.0747777351965368,1
C2104,-90.3358,38.4017,29189.0,29,0,9.16888888888888,5253,0,0.199661701433573,1,47082,0.0,2.0,1,1,1,1,1,0.386685512259646,1,4.20525299580002,17.8035181698264,0,0.146363616745069,0.0901289743982355,1
C2107,-90.29025,38.915479,29183.0,29,0,12.1533333333333,5253,0,0.56115557360839,0,47082,0.0,1.0,1,1,1,1,1,0.396606111234053,1,3.2270317227958,37.9769737544329,0,0.216114520759829,0.13853770337599,1
C2167,-89.5617,36.5147,29143.0,29,0,12.1533333333333,5253,0,0.570169428098828,0,47082,0.0,1.0,1,0,1,1,0,0.398025208825123,1,0.592735709331453,40.530377327415,0,0.37930699224849,0.106081978822404,1
C2168,-92.6381,39.5522,29175.0,29,0,10.8999999999999,5253,0,0.535660941103579,1,47082,0.0,0.0,1,0,1,1,1,0.392746973017291,1,2.47920415348012,89.6718594977774,1,0.381950568969394,0.103513365988458,1
C2240,-96.4623,41.4281,31053.0,31,0,12.6855555555555,-4762,0,0.500698563300873,0,34198,0.0,3.0,1,1,1,1,0,0.428681478398258,1,25.3426330912763,24.0969700854841,0,0.0688306059796158,0.0710088964236077,1
C2277,-96.7847,40.5589,31109.0,31,0,14.05,-4762,0,0.368071545188786,0,34198,0.0,0.0,1,1,1,1,1,0.432047522862932,1,95.0797662223875,109.678211859253,0,0.120764857298974,0.0857247936783923,1
C2291,-95.94466,41.32909,31055.0,31,0,12.6855555555555,-4762,0,0.46939426959357,0,34198,0.0,6.0,1,1,1,0,1,0.428839253184768,1,8.72249544212294,27.6085111380809,0,0.136792391116665,0.0711108624970885,1
C2364,-71.4692,43.1411,33013.0,33,0,10.9388888888888,-6623,0,0.345162143930054,0,38740,0.0,1.0,1,0,1,1,0,0.445056661862799,1,44.9773108535102,106.061318810535,2,0.0763755820330422,0.105845958505513,1
C2367,-70.7842,43.0978,33015.0,33,0,12.6466666666666,-6623,0,0.0300249261738391,1,38740,0.0,5.0,1,1,1,0,1,0.434708520523144,1,68.440663976797,78.2248820963537,2,0.132959348872925,0.0292798999752588,1
C2442,-108.4814,36.69,35045.0,35,0,11.6155555555555,-8755,1,0.459359927729266,1,32068,1.0,0.0,1,1,1,1,1,0.431162086574822,1,2.34311469513852,134.322049078507,0,0.360380055964844,0.379836568332354,1
C2451,-108.4386,36.8006,35045.0,35,0,12.1533333333333,-8755,1,0.601649609509099,0,32068,0.0,1.0,1,1,1,1,1,0.430678084616441,1,4.87635507905856,14.4746589385553,0,0.295820593488073,9.68244201728464,1
C2554,-79.34663,42.491467,36013.0,36,0,12.6855555555555,23833,1,0.463617366710261,0,52148,0.0,0.0,1,1,1,1,1,0.419461478658738,1,18.2015251715774,3.6433403614684,0,0.134866561226601,0.0873843131947677,1
C2712,-79.0731,36.4833,37145.0,37,0,14.05,14875,1,0.458569931131306,0,30384,0.0,0.0,1,0,1,1,1,0.426619044701122,1,209.498061166985,205.291564051511,1,0.207729383688614,0.0607883308587937,1
C2718,-81.0122,35.1897,37071.0,37,0,10.8766666666666,14875,1,0.73520126856177,1,30384,0.0,8.0,1,0,1,1,1,0.475384423498655,1,27.778985267818,131.331453021669,0,0.0868578282436509,0.283847921222088,1
C2721,-81.7594,35.22,37161.0,37,0,12.1533333333333,14875,1,0.47821695281272,0,30384,0.0,1.0,1,0,1,1,0,0.44432110716497,1,30.4755007243519,14.5190322664815,0,0.0638253637916553,0.0401150407403377,1
C2727,-80.9658,35.5975,37035.0,37,0,12.6466666666666,14875,1,0.734934591364424,1,30384,0.0,4.0,1,0,1,1,0,0.468459804075383,1,5.49305009992821,0.439815089367362,0,0.137940623945395,0.0092316041122812,1
C2790,-100.8836,46.8669,38059.0,38,0,11.7244444444444,-18183,0,0.497760383930302,1,41504,0.0,6.0,1,0,1,1,0,0.389129055471258,1,220.721674549135,231.765091161678,0,0.115739670756541,0.0214700197762879,0
C2817,-101.3212,47.280769,38057.0,38,0,9.41333333333333,-18183,0,0.895869043342533,1,41504,0.0,0.0,1,0,1,1,0,0.428103251802909,1,21.8037991488904,78.767013983142,0,0.268007395228013,0.385571464579904,1
C2823,-101.2131,47.065854,38065.0,38,0,9.85555555555555,-18183,0,0.856198109327235,0,41504,0.0,0.0,1,0,1,1,0,0.419595932501061,1,15.3077234182069,81.1526064358971,0,0.177032071210052,17.3703549585283,1
C2828,-80.6486,40.2522,39081.0,39,0,10.8466666666666,37952,1,0.460490302691285,1,43920,0.0,1.0,1,0,1,1,0,0.402799432750275,1,6.64638122755785,68.481587976732,0,0.170462820295147,0.0574288929805743,1
C2832,-84.8036,39.1128,39061.0,39,0,10.9055555555555,37952,1,0.25847410129875,0,43920,0.0,7.0,1,0,1,1,0,0.425573981193136,1,57.1698381016926,0.0,0,0.170865400794705,0.232278547793006,1
C2836,-82.05462,41.504453,39093.0,39,0,12.1533333333333,37952,1,0.60902474271934,0,43920,0.0,2.0,1,1,1,1,1,0.399268721441176,0,1.05499276229499,19.8258079660602,0,0.240621125525899,0.15292443185737,1
C2866,-80.6319,40.5317,39081.0,39,0,14.05,37952,1,0.347361984049239,0,43920,0.0,2.0,1,0,1,1,1,0.421905990194284,1,33.5922378829993,28.6872065363708,0,0.142382900862155,0.135954586925841,1
C2876,-82.1289,38.9144,39053.0,39,0,10.9055555555555,37952,1,0.2497,0,43920,0.0,0.0,1,0,1,1,1,0.375899874197802,1,1.84022909263116,130.92339520933,0,0.189021978355253,0.0243789796659958,1
C2914,-81.46815,40.520066,39157.0,39,0,11.9544444444444,37952,1,0.0741290808732917,1,43920,0.0,2.0,1,1,1,1,0,0.411101550344899,1,132.510802828631,0.0,0,0.0268501763195523,0.269546866489263,1
C2935,-81.76576,40.850964,39169.0,39,0,13.4411111111111,37952,1,0.413914829397248,0,43920,0.0,2.0,1,1,1,1,1,0.408768686481211,1,30.7314640351858,0.0,0,0.0815523793631475,0.279714346007797,1
C2936,-81.254,41.7265,39085.0,39,0,14.8655555555555,37952,1,0.537312415610966,1,43920,1.0,4.0,1,1,1,1,1,0.469241892792376,1,4.73788701915592,0.221069679390328,0,0.644386084595183,0.0825988183013346,1
C2952,-95.28732,35.76135,40101.0,40,0,12.8755555555555,-15919,0,0.422525049315917,1,31740,0.0,2.0,1,0,1,1,0,0.412872032082557,1,3.73768382963588,6.50109541468463,0,0.157427493724344,0.488371247576696,1
C2963,-95.7008,36.4317,40131.0,40,0,12.8755555555555,-15919,0,0.633193323807122,1,31740,0.0,0.0,1,1,1,1,1,0.415567760155607,1,6.96604924278284,0.0,0,0.203058411333193,0.0181929423369504,0
C3118,-79.0611,40.3842,42129.0,42,0,11.4288888888888,-70484,0,0.402814949167044,1,41540,0.0,1.0,1,0,1,1,0,0.405863624754416,1,19.1811617274616,59.7487129625492,1,0.193469199148767,0.164425363979591,1
C3122,-79.19611,40.512825,42063.0,42,0,12.1533333333333,-70484,0,0.49896080148083,0,41540,0.0,2.0,1,0,1,1,1,0.414742581805011,1,21.1372620357166,0.0,1,0.44105458150008,0.0379099836057637,1
C3130,-79.03366,40.40625,42129.0,42,0,12.1533333333333,-70484,0,0.459476850656711,0,41540,0.0,2.0,1,0,1,1,0,0.40580965496177,1,28.9480585209026,0.0,1,0.181747615323302,0.120479820125551,1
C3136,-79.3411,40.6604,42005.0,42,0,11.2888888888888,-70484,0,0.448040985788872,1,41540,0.0,3.0,1,0,1,1,1,0.420988109672803,1,46.1290582897741,44.8934769109081,0,0.303995431230107,0.072730517401421,1
C3149,-76.6672,41.0714,42093.0,42,0,11.2888888888888,-70484,0,0.44888334615524,1,41540,0.0,0.0,1,1,1,1,0,0.423763732980077,1,0.324079115932392,0.0,1,0.258194639726853,0.145081103343274,0
C3297,-80.6228,33.8264,45079.0,45,0,11.2888888888888,-13311,0,0.531238989693008,1,31916,0.0,1.0,1,1,1,1,1,0.425854162137253,1,23.5657762568107,38.0324831406339,1,0.0839806699208776,0.0785668337581808,1
C3298,-79.9297,33.0158,45015.0,45,0,11.2888888888888,-13311,0,0.43723718075785,1,31916,0.0,3.0,1,1,1,0,1,0.449146837734205,1,16.9162771602567,0.0,0,0.233265166394313,0.0887690594810988,1
C3396,-84.1567,36.0211,47001.0,47,0,9.16888888888888,25944,0,0.356267943278134,1,32142,0.0,3.0,1,0,1,1,1,0.4452324376827,1,46.5571793700692,0.0,1,0.183105733888353,0.337306607321649,1
C3399,-87.6539,36.3903,47161.0,47,0,11.9544444444444,25944,0,0.38527971336455,1,32142,0.0,1.0,1,1,1,1,1,0.432386253168634,1,1.34271742638231,0.0,0,0.291472080215603,0.513464759950488,0
C3403,-86.4006,36.3156,47165.0,47,0,9.16888888888888,25944,0,0.197605545963002,1,32142,0.0,2.0,1,1,1,1,1,0.448869724978903,1,3.42995073103529,17.4990447402882,0,0.162684279148192,0.133584875763066,1
C3407,-84.5194,35.8992,47145.0,47,0,9.16888888888888,25944,0,0.349869215327062,1,32142,0.0,1.0,1,0,1,1,1,0.448500469053724,1,5.49031617032122,15.4848789962637,1,0.263177271938871,0.229453869781713,1
C3470,-95.6311,29.4828,48157.0,48,0,9.16888888888888,6948,0,0.395528348231459,1,32638,0.0,2.0,1,1,1,1,0,0.437065118437298,1,6.05463880833143,0.0,0,0.051331609695372,0.756403638278231,1
C3797,-77.3833,37.3822,51041.0,51,0,11.1111111111111,30984,0,0.206965338213744,1,31710,0.0,4.0,1,0,1,1,0,0.424021140620775,1,3.9300896348652,34.7720040010562,0,0.0595638416318864,0.195686902848646,1
C3845,-122.8598,46.755938,53041.0,53,0,10.14,-9445,1,0.483904924775102,1,48534,0.0,1.0,1,0,1,1,1,0.404346244130579,1,13.6403203894273,0.0,0,0.350494422105118,0.0581412844890251,1
C3935,-81.8233,38.4731,54079.0,54,0,14.05,-28050,0,0.423550192327121,0,35606,0.0,1.0,1,0,1,1,1,0.378125343027158,1,7.3234660962397,0.0,0,0.427974976132995,0.388650846623624,1
C3943,-79.9275,39.710833,54061.0,54,0,12.1533333333333,-28050,0,0.331936517040747,1,35606,0.0,5.0,1,0,1,1,0,0.378596034675726,1,117.387928550081,81.4107782304931,0,0.0934873219492173,0.0913610046459142,1
C3944,-80.3325,39.384167,54033.0,54,0,12.1533333333333,-28050,0,0.312384156611367,1,35606,0.0,3.0,1,0,1,1,1,0.374302296504308,1,13.4990349089297,0.0,0,0.14682256698492,0.153680537711733,1
C3948,-80.8153,39.8297,54051.0,54,0,9.18666666666666,-28050,0,0.441906714963796,1,35606,0.0,0.0,1,0,1,1,0,0.396306298554069,1,2.22472916118507,36.9504997223862,0,0.726684980023866,0.279963391535437,1
C3954,-79.2636,39.2008,54023.0,54,0,20.7188888888888,-28050,0,0.118643754022845,0,35606,0.0,0.0,1,0,1,1,1,0.400196430774731,1,7.42773872531619,49.246408116692,0,0.585530346445091,0.198094307975731,1
C4041,-87.8294,42.8457,55079.0,55,0,11.6155555555555,12109,0,0.4737124409475,1,43282,0.0,0.0,1,1,1,1,0,0.388571050237858,1,12.6789383017688,0.0,0,0.209905467702414,0.216788546019881,1
C4050,-87.70586,43.715142,55117.0,55,0,7.91333333333333,12109,0,0.158056263456234,1,43282,0.0,0.0,1,1,1,1,1,0.417699607063571,1,9.62063979954446,0.0,0,0.143390829851159,0.224657181732913,1
C4078,-89.6553,44.8606,55073.0,55,0,7.91333333333333,12109,0,0.122686271824898,1,43282,0.0,3.0,1,1,1,1,0,0.417150130919299,1,60.9596234395935,51.798813203172,0,0.0815374654370917,0.0147175257567522,1
C4158,-105.7769,42.8378,56009.0,56,0,7.91333333333333,-23073,0,0.13964977877462,1,36268,0.0,1.0,1,1,1,1,1,0.394315822000469,1,40.0044743427935,30.4323850645862,0,0.152179215613551,1.03125754382911,1
C4162,-110.5983,41.7581,56023.0,56,0,11.3133333333333,-23073,0,0.386134663770229,0,36268,0.0,2.0,1,0,1,1,1,0.409597298502662,1,41.6204204759615,0.0,0,0.172662345062589,2.29688062145899,1
C4271,-91.91265,44.303583,55011.0,55,0,11.3133333333333,12109,0,0.352592232285823,0,43282,0.0,2.0,1,1,1,1,0,0.428624002113807,1,24.3514034447809,41.7762339015116,0,0.041538535144735,0.0622772160938843,1
C6002,-87.0597,33.6319,1073.0,1,0,12.6855555555555,-44514,0,0.315026850023208,0,31188,0.0,1.0,1,0,1,1,1,0.395906872597735,1,38.2971898925295,0.0,0,0.270744839821351,0.153739622200977,1
C6004,-81.29444,39.366667,54073.0,54,0,10.7666666666666,-28050,0,0.412591804024389,1,35606,0.0,4.0,1,0,1,1,1,0.374080353033974,1,7.51984570051147,0.0,0,0.364968294477218,0.235280185174682,1
C6009,-92.1406,34.4228,5069.0,5,0,10.8999999999999,-12325,0,0.367501690263597,1,28818,0.0,0.0,1,1,1,1,1,0.413531821320789,1,7.05033744284321,0.0,0,0.272692024744227,0.0429999872359469,1
C6017,-88.2781,38.9361,17079.0,17,2,10.8999999999999,-34739,0,0.503942084366392,1,59038,0.0,0.0,1,1,1,1,1,0.4187875899561,1,23.9416414018873,0.0,0,0.337014812173122,0.0230059879518993,1
C6018,-84.8514,38.9036,21015.0,21,0,10.8999999999999,8059,0,0.437262138955313,1,36214,0.0,1.0,1,0,1,1,1,0.421914329496351,1,20.2327819025472,0.0,0,0.488710551803944,0.443704180882607,1
C6019,-84.2289,38.8675,39025.0,39,0,9.85555555555555,37952,1,0.431039194114482,0,43920,0.0,0.0,1,0,1,0,0,0.402492276836826,1,12.1226597636449,41.91992990884,0,0.168070624332035,0.434184675714584,1
C6021,-107.5912,40.4627,8081.0,8,0,10.8466666666666,3420,1,0.338381278889713,1,36626,0.0,1.0,1,0,1,1,1,0.414768866809923,1,17.284481391451,153.077061356339,0,0.879152248203288,0.143968572465545,1
C6030,-101.1571,47.377743,38055.0,38,0,10.8466666666666,-18183,0,0.46860713305266,1,41504,0.0,1.0,1,0,1,1,0,0.422309898705357,1,7.02996188730408,69.8300457815596,0,0.364360352175871,0.1314646618184,1
C6034,-82.495,42.7756,,26,0,10.8466666666666,-7468,0,0.449265097540774,1,39690,0.0,4.0,1,0,1,1,1,0.417581884013648,1,34.7482516922758,81.1740641371294,0,0.335453236548879,0.174106735639291,1
C6041,-83.8181,38.7,21161.0,21,0,10.8466666666666,8059,0,0.31066767492129,1,36214,0.0,2.0,1,0,1,1,1,0.392980388206079,1,23.6690573509009,39.8766525446802,0,0.328737419039793,0.328455185381814,1
C6052,-85.03233,33.41342,13149.0,13,0,9.85555555555555,23537,0,0.830846092298407,0,33230,0.0,0.0,1,1,1,1,1,0.436465327540665,1,40.9986545308225,45.2922717415639,0,0.124324974400412,0.197836727148059,0
C6055,-91.3692,30.7261,22077.0,22,0,9.18666666666666,19849,0,0.301946260050415,1,34416,0.0,1.0,1,0,1,1,1,0.427236067430014,1,24.0484204769344,91.3834809350735,0,0.13957975977773,0.0282488913071636,0
C6064,-94.6975,39.1681,20209.0,20,0,12.6466666666666,-7317,0,0.218659447223909,1,35474,0.0,5.0,1,0,1,1,0,0.419977562314556,1,5.26085021302603,78.2751578916069,0,0.0888231400019532,0.0205303414138415,0
C6065,-94.98,39.4472,29165.0,29,0,12.4799999999999,5253,0,0.9955,1,47082,0.0,2.0,1,0,1,1,1,0.420140519522901,1,95.779981740499,0.0,0,0.329441131904734,0.119983235643742,0
C6068,-96.11723,39.286453,20149.0,20,0,12.4799999999999,-7317,0,0.9064,1,35474,0.0,0.0,1,1,1,1,1,0.419420699640471,1,48.0470679639987,193.375239167871,1,0.351957593760443,0.1207368258429,0
C6071,-85.4117,38.5847,21223.0,21,0,8.88111111111111,8059,0,0.285059058920303,1,36214,0.0,0.0,1,1,1,1,1,0.404092313280316,1,94.0506318877111,18.587702052471,0,0.284568548821105,0.730607984812841,0
C6073,-88.5553,30.5322,28059.0,28,0,12.4799999999999,-12476,0,0.987098055181791,1,30390,0.0,1.0,1,1,1,1,1,0.439678247257222,1,172.568676229156,0.0,0,0.0884849438976347,0.0323306770564107,0
C6076,-106.614,45.8831,30087.0,30,0,12.4799999999999,-11520,0,0.971095018608506,1,38668,0.0,3.0,1,1,1,1,1,0.409081755566767,1,181.223862002913,0.0,0,0.121260928610699,0.244921657935973,0
C6077,-101.1408,41.0808,31111.0,31,0,7.91333333333333,-4762,0,0.155739696478063,1,34198,1.0,1.0,1,1,1,1,1,0.40131335269775,1,70.1217809212669,248.229763062805,0,0.446653795437563,0.165344007977191,0
C6085,-87.0261,41.2164,18073.0,18,0,8.88111111111111,12707,1,0.469718149831218,1,39630,0.0,1.0,1,1,1,1,1,0.407500105443876,1,76.3745024887046,0.0,2,0.398701792155436,0.111095023249434,0
C6090,-93.8931,45.3808,27141.0,27,1,12.1533333333333,12734,0,0.153937377097532,1,50780,0.0,1.0,1,1,1,1,1,0.460037616197587,1,111.659497619448,0.0,0,0.678987410498541,0.0110735523954663,0
C6095,-97.05279,36.45307,40103.0,40,0,12.1533333333333,-15919,0,0.1102,1,31740,0.0,1.0,1,1,1,1,1,0.400092674161456,1,76.9811091038776,34.7760820141961,0,0.0826133808235263,6.01324482139977,0
C6096,-95.7764,40.6214,31131.0,31,0,14.05,-4762,0,0.293175023385404,0,34198,0.0,0.0,1,1,1,1,1,0.440737688138478,1,18.9416851505585,0.0,0,0.0939009449291544,0.02715278252491,0
C6098,-96.51007,45.303652,46051.0,46,0,10.9055555555555,-908,0,0.607460249195527,0,31334,0.0,2.0,1,1,1,1,1,0.426423379390274,1,131.581882504882,0.0,0,0.199992168211256,0.608297897137489,0
C6101,-105.3815,44.290128,56005.0,56,0,9.85555555555555,-23073,0,0.814256702874353,0,36268,0.0,2.0,1,1,1,0,1,0.417267150542651,1,14.9491915405888,0.0,0,0.176543819733092,0.296201226657987,0
C6113,-87.76583,38.372222,18051.0,18,0,11.1111111111111,12707,1,0.802567695092287,1,39630,0.0,1.0,1,1,1,1,1,0.394355168661972,1,8.78268974126284,160.433101812085,0,0.248074524787341,0.0398156787118848,0
C6137,-87.715,37.9053,18129.0,18,0,12.8755555555555,12707,1,0.676640099851579,1,39630,0.0,2.0,1,1,1,1,1,0.383633638731305,1,9.86839899591655,54.9667774246166,0,0.215356869584971,0.0131364564071982,0
C6138,-94.5241,36.2561,5007.0,5,0,11.1111111111111,-12325,0,0.193032518220239,1,28818,0.0,1.0,1,1,1,1,1,0.459284324679605,1,47.8638460239531,49.8263424049542,0,0.291431094402916,1.77726287145838,0
C6139,-94.83999,33.05522,48449.0,48,0,8.70111111111111,6948,0,0.3315,1,32638,0.0,0.0,1,1,1,1,1,0.443061170838161,1,8.37787162665755,0.0,0,0.170254568532907,0.131814235870335,0
C6146,-94.5706,32.2606,48401.0,48,0,8.70111111111111,6948,0,0.3315,1,32638,0.0,0.0,1,1,1,1,1,0.445767296760728,1,8.27011009266858,0.454904883767588,0,0.391130611463425,0.15284934072946,0
C6155,-90.26316,38.131248,29099.0,29,0,7.91333333333333,5253,0,0.11216479694221,1,47082,0.0,0.0,1,1,1,0,0,0.402424444025119,1,49.853585281573,135.797479365979,0,0.218117157038467,0.0979695242055959,0
C6165,-111.0289,39.1747,49015.0,49,0,12.1533333333333,-5551,0,0.17865867344264,1,34086,0.0,0.0,1,1,1,1,1,0.417259602393286,1,3.42104726513278,79.1251141066322,0,0.235399835433803,23.6643499351331,0
C6166,-87.0372,37.9256,18147.0,18,0,8.70111111111111,12707,1,0.3315,1,39630,0.0,1.0,1,1,1,1,1,0.396023918612237,1,8.26888287944988,0.436349848464912,0,0.644921553122419,1.66695787655635,0
C6177,-109.2708,34.5789,4001.0,4,0,8.70111111111111,-31045,0,0.3315,1,35834,0.0,0.0,1,1,1,1,1,0.425557259862916,1,8.40530060274813,0.173456046931223,0,0.483842713691642,0.0713974124755065,0
C6178,-97.21417,28.7128,48175.0,48,0,8.70111111111111,6948,0,0.3315,1,32638,0.0,0.0,1,1,1,1,1,0.439980725884256,1,8.43988462088854,0.182200387609395,0,0.335741524605903,0.231850224130042,0
C6179,-96.7506,29.9172,48149.0,48,0,8.70111111111111,6948,0,0.3315,1,32638,0.0,2.0,1,1,1,1,1,0.462002333731295,1,9.88672550233514,11.0145289807826,2,0.329258073372131,0.0803173689187981,0
C6180,-96.4866,31.1803,48395.0,48,0,9.18666666666666,6948,0,0.31621469509075,1,32638,0.0,0.0,1,1,1,1,1,0.448197252846653,1,55.2073146100528,93.1528856862925,1,0.305483176681607,0.962041219876998,0
C6181,-98.3228,29.308056,48029.0,48,0,9.18666666666666,6948,0,0.56551523546679,1,32638,0.0,2.0,1,1,1,1,0,0.419073053007466,1,103.833230379664,0.0,1,0.182528036766504,1.60875265776374,0
C6183,-98.4775,28.7044,48013.0,48,0,12.1533333333333,6948,0,0.362852987968484,1,32638,0.0,0.0,1,1,1,1,0,0.451493768111292,1,33.6198468404074,155.062653415084,0,0.223048340866364,0.175231203324135,0
C6190,-92.71667,31.395,22079.0,22,0,12.1533333333333,19849,0,0.364587418547254,0,34416,0.0,1.0,1,1,1,1,1,0.418911446589852,1,2.36504772307891,0.0,0,0.220460192207343,0.882297313289407,0
C6193,-101.7472,35.29816,48375.0,48,0,8.70111111111111,6948,0,0.2048,1,32638,0.0,0.0,1,1,1,1,1,0.440830190184911,1,37.6295112101897,0.0,0,0.145228055200326,4.31034851922501,1
C6194,-102.57,34.186494,48279.0,48,0,9.18666666666666,6948,0,0.346713780149732,1,32638,0.0,0.0,1,1,1,1,0,0.452313835610751,1,146.423568770236,186.842047489764,0,0.429993503490154,0.0823750121197515,1
C6195,-93.38804,37.151706,29077.0,29,0,10.6611111111111,5253,0,0.19230008551149,1,47082,0.0,5.0,1,1,1,1,1,0.389215709697253,1,136.360524224332,102.341285952294,0,0.158139586098687,0.125603080984788,1
C6204,-104.8825,42.108889,56031.0,56,0,9.85555555555555,-23073,0,0.74980878555814,0,36268,0.0,1.0,1,1,1,1,1,0.435101485453938,1,10.5052466943977,0.0,0,0.351592707588767,2.11608205094952,1
C6213,-87.5108,39.0694,18153.0,18,0,8.70111111111111,12707,1,0.113311337538023,1,39630,0.0,1.0,1,1,1,1,1,0.398498033676054,1,88.8892714611626,89.4119152092886,0,0.336185306736214,0.099745751065791,1
C6248,-103.6803,40.2217,8087.0,8,0,10.9055555555555,3420,1,0.606796148272057,0,36626,0.0,0.0,1,1,1,1,0,0.435891067448152,1,129.809976602633,9.58205015251141,0,0.486736849727075,2.71498426385398,1
C6249,-79.35724,33.33184,45043.0,45,0,12.1533333333333,-13311,0,0.3208956041284,1,31916,0.0,2.0,1,1,1,1,0,0.451206232786995,1,3.58170127901881,179.208523211581,0,0.003578496158171,0.464933249302462,0
C6250,-78.8917,36.5278,37145.0,37,0,12.1533333333333,14875,1,0.285022103931151,1,30384,0.0,0.0,1,0,1,1,1,0.426056518155592,1,101.322274596297,32.9817872576307,1,0.329940886732008,0.921002993866187,1
C6254,-92.55583,41.0961,19179.0,19,0,11.9544444444444,-5401,0,0.8669,1,37572,0.0,2.0,1,0,1,1,0,0.417291992425363,1,5.64606910244455,0.0,0,0.308408755006756,0.0538394471939716,1
C6257,-83.8075,33.0606,13207.0,13,0,14.8655555555555,23537,0,0.541058975246691,1,33230,0.0,0.0,1,1,1,1,1,0.411575297338687,1,4.8833410222727,0.0,0,0.369442221155195,2.51072132484041,1
C6264,-81.9344,38.9794,54053.0,54,0,14.8655555555555,-28050,0,0.163974474187233,1,35606,0.0,0.0,1,0,1,1,1,0.372828981614873,1,22.3839348773493,0.0,0,0.54244750453714,0.333427678332332,1
C6469,-101.8357,47.370542,38057.0,38,0,20.7188888888888,-18183,0,0.0744439689884917,0,41504,0.0,0.0,1,0,1,1,1,0.426422988684684,1,11.4311320564967,53.266129633297,0,0.458885655454578,9.75169045087643,1
C6481,-112.5802,39.509731,49027.0,49,0,9.39888888888888,-5551,0,0.9194,1,34086,0.0,1.0,0,1,1,1,1,0.430579722870192,1,19.5501363240227,0.0,0,0.391165535333865,6.22014245763928,1
C6639,-87.5,37.6461,21233.0,21,0,9.39888888888888,8059,0,0.907237436215103,1,36214,0.0,0.0,1,1,1,1,1,0.380258764828511,1,17.4133607972595,0.0,0,0.254134332432455,0.209503458794033,1
C6641,-91.40876,35.678442,5063.0,5,0,,-12325,0,0.681539069807629,0,28818,0.0,0.0,1,1,1,1,0,0.424599544934581,1,37.6191876327191,0.0,0,0.298868055137444,0.0873489800872376,1
C6664,-91.0931,41.3181,19115.0,19,0,10.9388888888888,-5401,0,0.705265876102046,0,37572,0.0,1.0,1,1,1,1,1,0.456897009070053,1,54.6365865161223,101.625716177997,0,0.453933598906203,1.49756586918068,1
C6705,-87.3328,37.915,18173.0,18,0,11.7244444444444,12707,1,0.614190121758009,1,39630,0.0,3.0,1,1,1,1,1,0.388255025395497,1,216.818328730757,209.37662865681,0,0.10963139792364,0.127391061444725,1
C6761,-105.0212,40.860905,8069.0,8,0,9.49,3420,1,0.54748976604443,1,36626,0.0,0.0,1,0,1,1,1,0.410944144582713,1,3.56129329225253,226.449343722787,0,0.0116846963664887,0.513457184724661,1
C6768,-89.6209,36.8791,29201.0,29,0,12.6855555555555,5253,0,0.30400107563326,0,47082,0.0,1.0,1,1,1,1,1,0.391077139013578,1,12.3411037131915,16.8332497619788,0,0.395301380292372,0.611863923880715,1
C6772,-95.3206,34.0158,40023.0,40,0,12.6855555555555,-15919,0,0.521195133171714,0,31740,0.0,1.0,1,1,1,1,1,0.407317389018753,1,10.8553981854333,21.6774241031407,0,0.636789107165849,0.138185006006087,1
C6823,-87.0806,37.4497,21183.0,21,0,8.88111111111111,8059,0,0.542755261770059,1,36214,0.0,0.0,1,1,1,1,1,0.390012418264005,1,100.141164393013,49.8076122599711,0,0.192348631412153,1.511263112707,1
C7030,-96.69503,31.091925,48395.0,48,0,8.70111111111111,6948,0,0.3701,1,32638,0.0,0.0,1,1,1,1,1,0.442880643825678,1,145.050203465566,60.3486785094619,2,0.119395786530195,1.03736427407836,1
C7097,-98.3203,29.309722,48029.0,48,0,8.70111111111111,6948,0,0.361631426491871,1,32638,0.0,2.0,1,1,1,1,1,0.419100113399134,1,140.847560450904,55.8445660847936,1,0.213874093502292,1.82531243500038,1
C7213,-78.704,36.869,51083.0,51,0,12.1533333333333,30984,0,0.314056984712063,1,31710,0.0,0.0,1,1,1,1,1,0.399699785516661,1,86.7875574560116,28.871540848518,1,0.298475818058292,0.348570037182048,1
C7242,-81.9897,27.7286,12105.0,12,0,11.3133333333333,13226,0,0.620215703990246,0,31532,0.0,2.0,1,1,1,1,1,0.438824808318873,1,9.34520886480089,0.0,0,0.27722297591534,0.0655869655277222,1
C7343,-96.3617,42.3006,19193.0,19,0,11.3133333333333,-5401,0,0.359165215071502,0,37572,0.0,2.0,1,1,1,1,1,0.421544031617559,1,12.065908066754,26.0653569236877,0,0.125070349125793,0.0749618213279575,1
C7504,-105.3833,44.2856,56005.0,56,0,11.3133333333333,-23073,0,0.156965364210351,0,36268,0.0,2.0,1,1,1,0,1,0.417267150542651,1,6.64987129545723,59.0672866524144,0,0.0526985610440255,0.123977932525422,1
C7790,-109.2844,40.0864,49047.0,49,0,8.76111111111111,-5551,0,0.488920266557293,1,34086,0.0,1.0,1,1,1,1,0,0.411936232323159,1,17.6415244909882,35.2030857059506,0,0.424406712444036,0.65101523232067,1
C7902,-94.4852,32.4607,48203.0,48,0,9.41333333333333,6948,0,0.653548831027063,1,32638,0.0,1.0,1,1,1,1,0,0.444419342848072,1,19.6083718917113,52.8756607078563,0,0.508684346620699,0.128990209419241,1
C8023,-89.4203,43.4864,55021.0,55,0,11.1111111111111,12109,0,0.35910834947327,1,43282,0.0,2.0,1,0,1,1,1,0.39022476854336,1,32.3920226475474,83.1656705732649,1,0.226075191850107,0.0788113331942877,1
C8042,-80.0603,36.2811,37169.0,37,0,12.1533333333333,14875,1,0.090439203807367,1,30384,0.0,0.0,1,0,1,1,1,0.413895167884002,1,23.7527529081678,0.0,0,0.216154719355995,0.0475633901830699,1
C8066,-108.7875,41.7378,56037.0,56,0,8.76111111111111,-23073,0,0.519040136290246,1,36268,0.0,2.0,1,0,1,1,1,0.420777407961443,1,27.6320748101047,23.0894831740378,0,0.331653930243983,0.236665345573779,1
C8069,-111.0781,39.3792,49015.0,49,0,9.18666666666666,-5551,0,0.149021351319844,1,34086,1.0,0.0,1,1,1,1,1,0.41850516750331,1,48.4238471543849,65.8742602176273,0,0.647668786189491,6.73666375611588,1
C8102,-82.1158,38.9347,39053.0,39,0,9.41333333333333,37952,1,0.376816215217467,1,43920,0.0,0.0,1,0,1,1,1,0.375505155222924,1,24.6263027024659,53.2363431360832,0,0.110351986748799,0.26599790410859,1
C8219,-104.7058,38.633451,8041.0,8,0,9.85555555555555,3420,1,0.811800406340669,0,36626,0.0,1.0,1,0,1,1,1,0.4020194014821,1,44.4164643577942,0.0,0,0.253374719102513,0.0116357251548338,1
C8222,-101.8157,47.221447,38057.0,38,0,11.7255555555555,-18183,0,0.272521907872251,1,41504,0.0,0.0,1,0,1,1,0,0.427864985871006,1,24.8848830970529,72.1998210628402,0,0.26025511100006,0.151191821959975,1
C8223,-109.1639,34.3186,4001.0,4,0,12.8755555555555,-31045,0,0.362072151090259,1,35834,0.0,0.0,1,1,1,1,1,0.426606990026767,1,29.4773390310405,0.0,0,0.552678555761399,0.0103245449959987,1
C8224,-117.1516,40.881317,32013.0,32,0,12.8755555555555,-670,1,0.576354090045021,1,38074,0.0,0.0,1,1,1,1,1,0.439387333948216,1,3.85276622352824,0.0,0,0.257923625359771,0.258245568191829,1
C8226,-79.7906,40.5383,42003.0,42,0,12.8755555555555,-70484,0,0.629986957362152,1,41540,0.0,3.0,1,0,1,0,1,0.431154051357239,1,40.343007263866,59.9453736045174,0,0.10858375552768,0.0959493329595154,1
C10043,-75.40667,39.7928,34015.0,34,2,9.16888888888888,8762,0,0.740488616619457,1,54244,0.0,7.0,1,0,1,1,0,0.40841159979053,1,19.0887857777736,94.5979625571087,0,0.105019391191924,0.475915759863543,1
C10075,-90.9114,47.5314,27031.0,27,1,9.16888888888888,12734,0,0.527282975013973,1,50780,0.0,0.0,1,1,1,1,1,0.425208485439774,1,34.8800573108465,0.0,0,0.0560471983301081,0.0541135345910347,1
C10113,-76.1983,40.7903,42107.0,42,0,8.67111111111111,-70484,0,0.737591314738001,1,41540,0.0,2.0,1,0,1,1,1,0.443778044532295,1,8.50505490454462,38.3716267993551,0,0.0606164297616608,0.944774955726589,1
C10143,-78.8,40.55,42021.0,42,0,14.05,-70484,0,0.493094891617684,0,41540,0.0,0.0,1,0,1,1,1,0.400096920385575,1,6.54081647131344,0.0,1,0.172029491413516,4.39429293268914,1
C10151,-80.16314,39.561831,54049.0,54,0,14.05,-28050,0,0.2166168557556,0,35606,0.0,1.0,1,0,1,1,1,0.372510984845521,0,15.3298550666655,0.0,0,0.179317628570901,0.818066212537347,1
C10234,-89.78,44.43,55141.0,55,0,14.05,12109,0,0.421158892083675,0,43282,0.0,1.0,1,1,1,1,0,0.40191823657034,1,25.624582374551,0.0,0,0.126615134923597,0.0067717729655081,1
C10343,-76.45295,40.811189,42097.0,42,0,14.05,-70484,0,0.846946746794009,0,41540,0.0,2.0,1,0,1,1,1,0.433880906804047,1,7.9357389033375,0.0,1,0.0277311918545497,1.96819126253386,1
C10504,-114.4328,42.5328,16083.0,16,0,10.7422222222222,7568,0,0.17913278329548,1,32646,0.0,2.0,1,1,1,1,1,0.454438616187789,1,13.9198517903736,37.5026991810248,0,1.43931916515278,1.09716913148276,1
C10566,-75.48581,39.693494,34033.0,34,2,9.18666666666666,8762,0,0.421595549266424,1,54244,0.0,6.0,1,0,1,1,1,0.422136891889798,1,6.14978968490229,0.0,0,0.0996628795995188,0.1178939390171,1
C10603,-78.7472,40.455,42021.0,42,0,10.7666666666666,-70484,0,0.720679663787976,1,41540,0.0,0.0,1,0,1,1,1,0.395894494633081,1,21.3197484458559,58.7140415803938,1,0.0568373200504004,0.864914706534469,1
C10671,-94.6458,35.1931,40079.0,40,0,12.1533333333333,-15919,0,0.393725753031945,0,31740,0.0,2.0,1,0,1,1,1,0.433546547865356,1,21.5388017829959,0.0,0,0.198228680014107,0.831994620187062,1
C10678,-78.74533,39.595171,24001.0,24,0,12.1533333333333,25934,0,0.428513662741854,0,34766,0.0,2.0,1,0,1,1,1,0.408687392679513,1,5.14064625792116,0.0,0,0.0866468418418429,0.159077704216068,1
C10684,-117.3833,35.765,6071.0,6,1,11.2888888888888,75504,1,0.476012550991964,1,48022,1.0,1.0,1,1,1,1,1,0.398794627466385,1,53.0393011706926,0.0,0,0.215582427370382,0.169894466912616,1
C10743,-79.96056,39.6397,54061.0,54,0,11.2888888888888,-28050,0,0.620344540188833,1,35606,0.0,6.0,1,0,1,1,1,0.375614648545028,1,59.0940692563633,24.6842620183762,0,0.121705885138548,0.0019890815968261,1
C10784,-106.6547,45.9752,30087.0,30,0,11.2888888888888,-11520,0,0.350435068059798,1,38668,0.0,0.0,1,1,1,1,1,0.409069814101681,1,31.842065384478,0.0,0,0.0877868115947573,0.181940590915968,1
C10849,-91.26053,47.286573,27075.0,27,1,11.2888888888888,12734,0,0.535804508129443,1,50780,0.0,0.0,1,1,1,1,1,0.439184213038825,1,1.65521375474025,42.4418148795256,0,0.0661282074533825,0.341811820980829,1
C10860,-90.2097,41.8206,19045.0,19,0,10.14,-5401,0,0.457110221989758,1,37572,1.0,3.0,1,1,1,1,1,0.441905965313685,1,13.0128910890128,80.9553188587664,0,0.436297399398382,0.0900508230460686,1
C10861,-93.58452,41.624438,19153.0,19,0,10.14,-5401,0,0.567440998040333,1,37572,0.0,8.0,1,0,1,1,1,0.397912341174625,1,34.2470986344866,36.0366164528337,0,1.6123861896418,0.0672753228976352,1
C10862,-96.61449,40.866463,31109.0,31,0,10.14,-4762,0,0.480942488835327,1,34198,0.0,3.0,1,1,1,1,1,0.431677177258231,1,17.628693392807,0.0,0,0.0705646780950711,0.389552190106848,1
C10863,-93.99242,44.187066,27013.0,27,1,10.7422222222222,12734,0,0.369837623793426,1,50780,0.0,4.0,1,0,1,1,1,0.417528432357167,1,4.22000077874577,0.0,0,1.25673773470984,0.0172522490698067,1
C10864,-91.6875,41.9221,19113.0,19,0,10.7422222222222,-5401,0,0.256084548844284,1,37572,0.0,4.0,1,1,1,1,1,0.435717731711397,1,7.77025124369733,0.0,0,0.162828943552287,0.193240734716138,1
C10865,-88.89076,39.870074,17115.0,17,2,10.8999999999999,-34739,0,0.264479653839229,1,59038,0.0,4.0,1,1,1,1,1,0.414143067871028,1,7.25689333419925,0.0,0,0.112732937602076,0.318153538673898,1
C10867,-88.93194,39.84919,17115.0,17,2,12.1533333333333,-34739,0,0.319373705512097,0,59038,1.0,4.0,1,1,1,1,1,0.413521512438042,1,4.35199804259376,5.12168085238155,0,0.0475162951076806,0.0518105398849266,1
C50397,-76.86812,39.870935,42133.0,42,0,12.1533333333333,-70484,0,0.415647964038123,0,41540,0.0,2.0,1,1,1,1,1,0.453546516581387,1,3.48547311845293,0.0,1,0.0760861648091878,0.0557900401999234,1
C50481,-82.5431,36.5219,47163.0,47,0,10.7422222222222,25944,0,0.519382612537094,1,32142,0.0,2.0,1,0,1,0,0,0.420255955479467,1,58.1563471616237,58.111264885436,0,0.617840150501359,0.245283527381027,0
C50611,-76.45,40.6191,42107.0,42,0,8.70111111111111,-70484,0,0.112326066301343,1,41540,0.0,1.0,1,0,1,1,1,0.448971592417789,1,86.0344956997824,0.0,1,0.0471671717429759,0.14119113344545,0
C50776,-75.8781,40.8556,42025.0,42,0,14.05,-70484,0,0.301530609473276,0,41540,0.0,1.0,1,1,1,1,1,0.450261016056858,0,18.1255057461909,0.0,0,0.0841522470312688,0.497495037730706,1
C50835,-86.28905,44.217299,26101.0,26,0,7.91333333333333,-7468,0,0.102088535891799,1,39690,0.0,2.0,1,1,1,1,0,0.415346154545072,1,82.0329037184745,83.4157538869279,0,0.0393372568488931,0.0306878701408255,1
C50888,-75.4792,40.6917,42095.0,42,0,8.88111111111111,-70484,0,0.293424948283047,1,41540,0.0,7.0,1,1,1,1,0,0.449084793225841,1,84.5356320716311,0.0,0,0.103884273266975,0.0711528960549689,1
C50900,-79.9947,37.799722,51005.0,51,0,11.9544444444444,30984,0,0.187337501313255,1,31710,3.0,1.0,1,0,1,1,1,0.415907305609659,0,26.1885279813254,0.0,0,0.23560634972973,0.17867255374331,1
C50933,-89.4205,45.6394,55085.0,55,0,12.6466666666666,12109,0,0.139874377768645,1,43282,0.0,2.0,1,1,1,1,0,0.409152847382149,1,31.5945217625246,0.0,0,0.136854730808935,0.16580865244286,1
C50951,-110.3917,39.5472,49007.0,49,0,8.70111111111111,-5551,0,0.3701,1,34086,0.0,0.0,1,1,1,1,1,0.406818757535858,1,199.506338984292,0.0,0,0.0619670163796982,0.0138245156628596,0
C50974,-79.8134,41.2691,42121.0,42,0,15.8255555555555,-70484,0,0.370124766216782,0,41540,1.0,0.0,1,0,1,1,1,0.411538090263959,1,6.34253641482384,0.0,0,0.11638952508066,0.678460139296345,1
C54098,-88.2534,44.2826,55087.0,55,0,12.1533333333333,12109,0,0.253517173512138,1,43282,0.0,2.0,1,0,1,1,1,0.418808431392918,1,2.52005193964917,73.5306352940348,0,0.271108352834689,0.0817127952347709,1
C54210,-97.06311,47.437562,38097.0,38,0,12.6466666666666,-18183,0,0.184395186666559,1,41504,0.0,1.0,1,1,1,1,1,0.40828146487498,1,11.6476466990881,25.598200871861,0,0.197275482887091,0.112178355376059,1
C54211,-96.76112,46.9026,27027.0,27,1,10.9055555555555,12734,0,0.8274,0,50780,0.0,6.0,1,1,1,1,1,0.407501338156145,1,63.042650099751,69.3269176144529,0,1.19463811896837,0.217169242089466,1
C54212,-96.63338,47.76468,27119.0,27,1,11.6155555555555,12734,0,0.765404766239487,1,50780,0.0,3.0,1,1,1,1,1,0.414501428101501,1,24.7587903498397,140.402794938376,0,0.29892780022816,0.0110537853566914,1
C54213,-97.17608,48.593158,38067.0,38,0,11.3133333333333,-18183,0,0.620630255027405,0,41504,0.0,0.0,1,1,1,1,1,0.417385844924996,1,36.645135311482,115.197292409332,0,0.157417390584256,0.0508800827538402,1
C54214,-97.00715,47.927202,27119.0,27,1,12.6855555555555,12734,0,0.347116930422153,0,50780,1.0,5.0,1,1,1,1,1,0.402959465731045,1,31.7085106520361,16.7707772034039,0,0.692084123120403,0.0895068811540672,1
C54276,-79.0617,35.9069,37135.0,37,0,11.6155555555555,14875,1,0.722600080660476,1,30384,0.0,3.0,1,0,1,1,1,0.443766492306782,1,36.0826795100225,127.890771614974,1,0.0551166456347885,0.0137573007633012,1
C54318,-109.7542,41.5933,56037.0,56,0,10.8466666666666,-23073,0,0.536424874208012,1,36268,0.0,1.0,1,1,1,1,1,0.420777407961443,1,33.1857681157642,108.196738979622,0,3.99745492104412,0.136009926346717,1
C54533,-95.17979,44.796405,27129.0,27,1,11.6155555555555,12734,0,0.649789452272728,1,50780,0.0,1.0,1,1,1,1,1,0.449562092870451,1,20.623241786358,85.6386691579036,0,0.564868511000708,0.158080862057736,1
C54556,-87.8233,41.7775,17031.0,17,2,11.3133333333333,-34739,0,0.621942753806115,0,59038,0.0,10.0,1,1,1,1,1,0.428419523624221,1,34.8216053635819,113.279395407949,1,0.71962509094319,0.0554203011351234,1
C54634,-76.1736,40.8222,42107.0,42,0,12.6855555555555,-70484,0,0.235527321313833,0,41540,0.0,2.0,1,0,1,1,1,0.446024287737829,1,4.32397962801426,0.0,0,0.124552635733905,1.59571758997394,1
C54867,-86.6443,46.4094,26003.0,26,0,12.6855555555555,-7468,0,0.497466383014182,0,39690,0.0,2.0,1,1,1,1,0,0.426668710152517,1,27.8723696701333,27.6072958715234,0,0.22047662992666,0.184953764017175,1
C55076,-89.2183,33.3761,28019.0,28,0,12.6855555555555,-12476,0,0.473532567734745,0,30390,0.0,0.0,1,1,1,1,1,0.411110323666364,1,24.4331791389916,31.493584908716,0,0.111292509128535,5.94250191674096,1
C55479,-105.3833,44.2858,56005.0,56,0,12.6855555555555,-23073,0,0.31845893214739,0,36268,0.0,2.0,1,1,1,0,1,0.417267150542651,1,59.6914730194559,66.9014423619163,0,0.0526151235840946,0.104834042672002,1
C55749,-107.6,45.7578,30003.0,30,0,10.9388888888888,-11520,0,0.640557301892478,0,38668,0.0,1.0,1,0,1,1,1,0.414503589142218,1,29.5109797879182,124.513064848203,0,0.658850095656423,0.124329925473899,1
C55856,-89.66694,38.279167,17189.0,17,2,10.0122222222222,-34739,0,0.371051854580748,1,59038,0.0,2.0,1,1,1,1,1,0.403691718537337,1,28.5017487690132,0.0,0,0.275480750025064,5.78079317253467,1
C56068,-87.8336,42.8492,55079.0,55,0,26.0477777777777,12109,0,0.899419074917976,0,43282,0.0,3.0,1,1,1,1,1,0.388556639339782,1,22.4049245666424,133.378736900887,0,0.555694592925766,0.205812912283835,0
C56224,-116.5297,40.7461,32011.0,32,0,9.41333333333333,-670,1,0.736870351049176,1,38074,0.0,1.0,0,1,1,1,1,0.410726449029191,1,39.7461459174365,139.264702827927,0,0.17584225903342,3.32290712481652,1
C56319,-105.3811,44.2919,56005.0,56,0,10.7666666666666,-23073,0,0.585961680591995,1,36268,0.0,2.0,1,1,1,1,1,0.417267150542651,1,30.6654775957355,32.0260561703746,0,0.0557678022031248,0.243028832522414,1
C56456,-89.9489,35.6644,5093.0,5,0,8.76111111111111,-12325,0,0.576119924390195,1,28818,0.0,1.0,1,0,1,1,1,0.427284331654271,1,36.1622718792766,0.0,0,0.149427615547667,0.867278506281409,1
C56564,-93.81194,33.649722,5057.0,5,0,12.1533333333333,-12325,0,0.360175754026399,0,28818,0.0,0.0,1,1,1,1,1,0.419366394954483,1,3.62431444307216,0.0,0,0.588020837195833,0.957392490510459,1
C56596,-105.3806,44.2919,56005.0,56,0,12.1533333333333,-23073,0,0.508270826723559,0,36268,0.0,2.0,1,1,1,1,1,0.417267150542651,1,20.7131395977886,0.0,0,0.0560230996740784,0.237802049347806,1
C56609,-105.4608,44.388889,56005.0,56,0,10.14,-23073,0,0.754130497750893,1,36268,0.0,1.0,1,1,1,1,1,0.417267150542651,1,68.2657944761116,89.3083136354319,0,0.410341992141324,8.9822852925722,1
C56611,-96.95715,31.474378,48309.0,48,0,10.7422222222222,6948,0,0.461418497874659,1,32638,0.0,0.0,1,0,1,1,1,0.4420891098599599,1,5.59055551846048,11.0457874438555,1,0.254222588195714,1.12017395345469,1
C56671,-79.95897,39.707893,54061.0,54,0,10.7422222222222,-28050,0,0.876121194568216,1,35606,0.0,5.0,1,0,1,1,1,0.377478684657639,1,68.8673134083967,77.2696440824483,0,0.26308557432893,1.50939524964864,1
C56808,-82.33806,36.916389,51195.0,51,0,11.6155555555555,30984,0,0.764318933024715,1,31710,0.0,1.0,1,0,1,1,1,0.406904455750456,1,26.0303536249275,51.7479597748034,0,0.146448864876469,0.0193127638387661,1
C57046,-97.28633,41.416442,31141.0,31,0,11.6155555555555,-4762,0,0.478392307446466,1,34198,0.0,4.0,1,1,1,1,1,0.474279246842816,1,9.90866265021422,0.0,0,0.245077896250179,0.639581411651779,1
C57914,-104.1356,47.717222,30083.0,30,0,11.3133333333333,-11520,0,0.35060757794998,0,38668,0.0,3.0,1,0,1,1,1,0.42010203631793,1,16.3283084949726,0.0,0,0.265313940485086,0.0187102893094762,1
C57915,-109.8119,41.621667,56037.0,56,0,11.3133333333333,-23073,0,0.417240845422439,0,36268,0.0,1.0,1,1,1,1,1,0.419655898129768,1,15.4450274442204,0.0,0,7.77896628975122,0.0726383791240093,1
C57928,-89.215,37.711944,17077.0,17,2,8.76111111111111,-34739,0,0.767651897019631,1,59038,0.0,2.0,1,1,1,1,1,0.412430006245014,1,4.81050928120698,36.6624290839562,0,0.115070167396249,0.0135807771019246,1
C57937,-103.6344,41.85887,31157.0,31,0,12.6855555555555,-4762,0,0.308462557002542,0,34198,0.0,2.0,1,1,1,1,1,0.435540565476452,1,47.0311961508276,14.9633742096515,0,0.151261160694397,0.0545936380222694,1
C57949,-83.44722,43.741111,26063.0,26,0,12.6855555555555,-7468,0,0.339942929070569,0,39690,0.0,1.0,1,0,1,1,1,0.411043214599502,1,44.7343436181634,14.8370572840529,0,9.96909685893348,0.0847571818285374,1
C62319,-108.4992,45.765346,30111.0,30,0,10.9388888888888,-11520,0,0.444225839144197,0,38668,0.0,6.0,1,0,1,1,1,0.383757926922529,1,14.4239484393875,0.0,0,1.46402690490153,0.289197097061891,1
