"site_id,""latitude"",""longitude"",""county_fips"",""electricity_price_cents_per_kwh"",""traditionally_regulated_state_energy_market"",""pop_weighted_svi_20mi"",""distance_to_population_center"",""distance_to_retiring_generator"",""retiring_generator_fuel"",""retiring_generator_year"",""streamflow_50kgpm_within_20mi"""
"3,""31.006900000000002"",""-88.010300000000001"",""01097"",""11.725555555555555"",True,""0.6344366269915409"",""26.068582768528167"",""39.53072648514977"",""{Coal,Coal,Coal}"",""{2020,2020,2020}"",True"
"59,""40.854765000000000"",""-98.348219999999998"",""31079"",""9.186666666666667"",True,""0.6034484619370958"",""5.8793235393180625"",""143.58043003632125"",""{""""Natural Gas and Other Gases""""}"",""{2020}"",NULL"
"60,""40.580871999999999"",""-98.312439999999995"",""31001"",""9.186666666666667"",True,""0.41387782680960516"",""5.631178850540776"",""123.07272970652215"",""{""""Natural Gas and Other Gases""""}"",""{2020}"",NULL"
"298,""31.421900000000001"",""-96.252499999999998"",""48293"",""9.855555555555556"",False,""0.8100304680783005"",""61.44535381304918"",""65.20791764047362"",""{""""Natural Gas and Other Gases""""}"",""{2021}"",True"
"3954,""39.200800000000001"",""-79.263599999999997"",""54023"",""10.846666666666668"",True,""0.3835571855236558"",""61.26480245489334"",""50.312202418115355"",""{Coal}"",""{2024}"",NULL"
"4041,""42.845700000000001"",""-87.829400000000007"",""55079"",""12.646666666666667"",True,""0.735113002562067"",""5.916221187266243"",""0"",""{Coal,Coal,Coal,Coal}"",""{2025,2025,2024,2024}"",True"
"4078,""44.860599999999998"",""-89.655299999999997"",""55073"",""12.646666666666667"",True,""0.14497440590671257"",""9.901702232577364"",""0"",""{""""Natural Gas and Other Gases"""",""""Natural Gas and Other Gases"""",""""Natural Gas and Other Gases""""}"",""{2023,2023,2023}"",True"
"4271,""44.303583000000003"",""-91.912649999999999"",""55011"",""12.646666666666667"",True,""0.10704171275492355"",""30.786958397050388"",""43.967588051204515"",""{""""Natural Gas and Other Gases""""}"",""{2020}"",True"
"6002,""33.631900000000002"",""-87.059700000000007"",""01073"",""11.725555555555555"",True,""0.6678678664517974"",""20.119341426099087"",""81.72451598436288"",""{""""Natural Gas and Other Gases"""",""""Natural Gas and Other Gases""""}"",""{2023,2023}"",True"
"6004,""39.366667000000000"",""-81.294439999999994"",""54073"",""10.846666666666668"",True,""0.3705007729342876"",""19.502644781087763"",""84.02811770923809"",""{Coal}"",""{2020}"",True"
"6017,""38.936100000000003"",""-88.278099999999995"",""17079"",""12.153333333333332"",False,""0.31503751937856295"",""76.53511917285833"",""0"",""{Coal}"",""{2027}"",True"
"6018,""38.903599999999997"",""-84.851399999999998"",""21015"",""10.14"",True,""0.20697382115979573"",""16.055596190967"",""18.913493696857152"",""{Coal,Coal}"",""{2027,2027}"",True"
"6019,""38.867500000000000"",""-84.228899999999996"",""39025"",""11.313333333333333"",False,""0.22296596090948753"",""22.609388771857965"",""0"",""{Coal}"",""{2022}"",True"
"6021,""40.462699999999998"",""-107.591200000000001"",""08081"",""11.954444444444444"",True,""0.35936730320073945"",""140.94546294515126"",""0"",""{Coal,Coal,Coal}"",""{2025,2028,2029}"",NULL"
"6030,""47.377743000000002"",""-101.157100000000000"",""38055"",""7.913333333333333"",True,""0.09793422163573026"",""63.38378133019411"",""55.269671758978554"",""{Coal,Coal}"",""{2022,2022}"",True"
"6041,""38.700000000000003"",""-83.818100000000001"",""21161"",""10.14"",True,""0.5198407008219794"",""54.423796540569576"",""32.067828203650905"",""{Coal}"",""{2022}"",True"
"6052,""33.413420000000002"",""-85.032330000000002"",""13149"",""11.428888888888888"",True,""0.545098442874835"",""14.42985527908904"",""0"",""{Coal,Coal}"",""{2022,2022}"",True"
"6055,""30.726099999999999"",""-91.369200000000006"",""22077"",""8.671111111111111"",True,""0.691155658845258"",""26.230416517561398"",""8.429323562405624"",""{""""Natural Gas and Other Gases""""}"",""{2021}"",True"
"6064,""39.168100000000003"",""-94.697500000000005"",""20209"",""11.11111111111111"",True,""0.4473850272041816"",""6.913797562749426"",""11.537263604572319"",""{""""Natural Gas and Other Gases"""",""""Natural Gas and Other Gases""""}"",""{2020,2020}"",True"
"6065,""39.447200000000002"",""-94.980000000000004"",""29165"",""10.742222222222223"",True,""0.30153091784945785"",""11.776146134438623"",""23.952241380836732"",""{""""Natural Gas and Other Gases"""",""""Natural Gas and Other Gases""""}"",""{2020,2020}"",True"
"6071,""38.584699999999998"",""-85.411699999999996"",""21223"",""10.14"",True,""0.2800953089517857"",""35.176901717586304"",""33.566831166524786"",""{""""Natural Gas and Other Gases""""}"",""{2021}"",True"
"6073,""30.532200000000000"",""-88.555300000000003"",""28059"",""10.876666666666667"",True,""0.6050768995614532"",""25.86308535786671"",""0"",""{Coal,Coal}"",""{2027,2027}"",True"
"6085,""41.216400000000000"",""-87.026100000000000"",""18073"",""11.288888888888888"",True,""0.3675826741555178"",""24.35872099055832"",""0"",""{Coal,Coal,Coal,Coal}"",""{2025,2025,2021,2021}"",True"
"6113,""38.372222000000001"",""-87.765829999999994"",""18051"",""11.288888888888888"",True,""0.32686771410927346"",""37.731926473558396"",""38.083145542831765"",""{Coal,Coal}"",""{2023,2021}"",True"
"6137,""37.905299999999997"",""-87.715000000000003"",""18129"",""11.288888888888888"",True,""0.5097591261258702"",""11.029684360515022"",""0"",""{Coal,Coal}"",""{2023,2023}"",True"
"6146,""32.260599999999997"",""-94.570599999999999"",""48401"",""9.855555555555556"",False,""0.8014748361954597"",""24.999308421000826"",""10.686406074185337"",""{""""Natural Gas and Other Gases"""",""""Natural Gas and Other Gases""""}"",""{2020,2020}"",True"
"6155,""38.131247999999999"",""-90.263159999999999"",""29099"",""10.742222222222223"",True,""0.19077607650588774"",""28.17582151032356"",""0"",""{Coal,Coal}"",""{2025,2025}"",True"
"6166,""37.925600000000003"",""-87.037199999999999"",""18147"",""11.288888888888888"",True,""0.3911907839944595"",""15.89409288772137"",""0"",""{Coal,Coal}"",""{2028,2028}"",True"
"6178,""28.712800000000001"",""-97.214169999999996"",""48175"",""9.855555555555556"",False,""0.7678498211864245"",""18.2518123079416"",""0"",""{Coal}"",""{2027}"",True"
"6179,""29.917200000000001"",""-96.750600000000006"",""48149"",""9.855555555555556"",False,""0.5117482154139482"",""63.756517552733776"",""62.783677036183825"",""{""""Natural Gas and Other Gases""""}"",""{2021}"",True"
"6180,""31.180299999999999"",""-96.486599999999996"",""48395"",""9.855555555555556"",False,""0.8124527547593675"",""42.15866265390523"",""46.41638754110642"",""{""""Natural Gas and Other Gases""""}"",""{2021}"",True"
"6181,""29.308056000000001"",""-98.322800000000001"",""48029"",""9.855555555555556"",False,""0.8146209429285188"",""14.892742852448706"",""0"",""{Coal,Coal}"",""{2023,2023}"",NULL"
"6183,""28.704400000000000"",""-98.477500000000006"",""48013"",""9.855555555555556"",False,""0.8440021050803035"",""56.91933749277953"",""44.163204541851265"",""{""""Natural Gas and Other Gases"""",""""Natural Gas and Other Gases"""",""""Natural Gas and Other Gases""""}"",""{2025,2025,2025}"",True"
"3149,""41.071399999999997"",""-76.667199999999994"",""42093"",""12.685555555555556"",False,""0.389035058632924"",""28.662622400239826"",""43.05478241047366"",""{Coal}"",""{2020}"",True"
"6190,""31.395000000000000"",""-92.716669999999993"",""22079"",""8.671111111111111"",True,""0.85951525429534"",""19.90439568026632"",""78.40825846059147"",""{Coal}"",""{2021}"",True"
"6194,""34.186494000000003"",""-102.569999999999993"",""48279"",""9.855555555555556"",False,""0.8503621365565144"",""47.25830029255368"",""0"",""{Coal,Coal}"",""{2028,2028}"",NULL"
"6195,""37.151705999999997"",""-93.388040000000004"",""29077"",""10.742222222222223"",True,""0.40551851343335316"",""7.603271162098402"",""9.490005336108181"",""{""""Natural Gas and Other Gases"""",""""Natural Gas and Other Gases""""}"",""{2020,2020}"",True"
"6213,""39.069400000000002"",""-87.510800000000003"",""18153"",""11.288888888888888"",True,""0.5717600427828895"",""36.32170396088834"",""51.25773963431134"",""{Coal,Coal}"",""{2023,2021}"",True"
"6248,""40.221699999999998"",""-103.680300000000003"",""08087"",""11.954444444444444"",True,""0.7377249292797925"",""72.56228665199959"",""78.05865752880126"",""{""""Natural Gas and Other Gases"""",""""Natural Gas and Other Gases""""}"",""{2026,2026}"",NULL"
"6249,""33.331840000000000"",""-79.357240000000004"",""45043"",""10.766666666666667"",True,""0.5384658455363323"",""44.6192118149281"",""0"",""{Coal,Coal,Coal,Coal}"",""{2030,2030,2030,2030}"",True"
"6254,""41.096100000000000"",""-92.555830000000000"",""19179"",""9.168888888888889"",True,""0.6365101034066509"",""86.21969511133541"",""87.24995143243567"",""{""""Natural Gas and Other Gases"""",""""Natural Gas and Other Gases""""}"",""{2020,2020}"",NULL"
"6257,""33.060600000000001"",""-83.807500000000005"",""13207"",""11.428888888888888"",True,""0.6889000995417273"",""39.18761224395309"",""0"",""{Coal}"",""{2022}"",True"
"6639,""37.646099999999997"",""-87.500000000000000"",""21233"",""10.14"",True,""0.6528039314187288"",""17.83571715120736"",""0.13142433629654746"",""{Coal}"",""{2020}"",True"
"6641,""35.678441999999997"",""-91.408760000000001"",""05063"",""9.413333333333334"",True,""0.7545730566995876"",""51.898426438905545"",""147.53546761388998"",""{""""Natural Gas and Other Gases""""}"",""{2027}"",True"
"6664,""41.318100000000001"",""-91.093100000000007"",""19115"",""9.168888888888889"",True,""0.52174429046299"",""39.466507687085794"",""7.229712090794577"",""{Coal}"",""{2024}"",True"
"6705,""37.914999999999999"",""-87.332800000000006"",""18173"",""11.288888888888888"",True,""0.437462451336483"",""16.457447070274977"",""0.5013152151062589"",""{Coal}"",""{2025}"",True"
"6768,""36.879100000000001"",""-89.620900000000006"",""29201"",""10.742222222222223"",True,""0.7413016100337873"",""37.67094888505946"",""59.88335698118577"",""{""""Natural Gas and Other Gases"""",""""Natural Gas and Other Gases"""",""""Natural Gas and Other Gases"""",""""Natural Gas and Other Gases"""",""""Natural Gas and Other Gases""""}"",""{2022,2022,2022,2022,2022}"",True"
"6772,""34.015799999999999"",""-95.320599999999999"",""40023"",""8.761111111111111"",True,""0.885616055043201"",""33.73663995638785"",""86.36876397065332"",""{Coal,Coal}"",""{2028,2028}"",True"
"6823,""37.449700000000000"",""-87.080600000000004"",""21183"",""10.14"",True,""0.5792189000702731"",""26.837382885315137"",""17.89633997614562"",""{Coal}"",""{2020}"",True"
"7242,""27.728600000000000"",""-81.989699999999999"",""12105"",""12.875555555555556"",True,""0.726592226419134"",""23.09789151030819"",""27.897736914053944"",""{Coal,""""Natural Gas and Other Gases""""}"",""{2021,2020}"",True"
"7343,""42.300600000000003"",""-96.361699999999999"",""19193"",""9.168888888888889"",True,""0.7404240474184929"",""19.015153778680364"",""94.66954200322468"",""{""""Natural Gas and Other Gases"""",""""Natural Gas and Other Gases"""",""""Natural Gas and Other Gases""""}"",""{2026,2026,2026}"",True"
"7790,""40.086399999999998"",""-109.284400000000005"",""49047"",""8.881111111111112"",True,""0.4820018744664803"",""102.48763427448394"",""93.39082981610407"",""{""""Natural Gas and Other Gases""""}"",""{2026}"",True"
"7902,""32.460700000000003"",""-94.485200000000006"",""48203"",""9.855555555555556"",False,""0.7926731385236954"",""19.755089224252995"",""0"",""{Coal}"",""{2023}"",True"
"8219,""38.633451000000001"",""-104.705799999999996"",""08041"",""11.954444444444444"",True,""0.4170103871051697"",""4.3542921563832815"",""0"",""{Coal}"",""{2029}"",NULL"
"8222,""47.221446999999998"",""-101.815700000000007"",""38057"",""7.913333333333333"",True,""0.11087599163348713"",""75.24124119894175"",""73.83856319673738"",""{Coal,Coal}"",""{2022,2022}"",NULL"
"10043,""39.792800000000000"",""-75.406670000000005"",""34015"",""15.825555555555557"",False,""0.49388623626387707"",""5.13734550027969"",""0"",""{Coal}"",""{2022}"",True"
"10113,""40.790300000000002"",""-76.198300000000003"",""42107"",""12.685555555555556"",False,""0.4529993801807468"",""21.4163870532037"",""1.6926263272992355"",""{Coal}"",""{2020}"",True"
"10151,""39.561830999999998"",""-80.163139999999999"",""54049"",""10.846666666666668"",True,""0.4427925446399329"",""16.19097174794339"",""70.73271567688349"",""{Coal}"",""{2028}"",True"
"10234,""44.430000000000000"",""-89.780000000000001"",""55141"",""12.646666666666667"",True,""0.16219616172724516"",""16.84973600118029"",""42.743507053038726"",""{""""Natural Gas and Other Gases"""",""""Natural Gas and Other Gases"""",""""Natural Gas and Other Gases""""}"",""{2023,2023,2023}"",True"
"10343,""40.811188999999999"",""-76.452950000000001"",""42097"",""12.685555555555556"",False,""0.4271845088601494"",""35.59670205028518"",""19.324533397427476"",""{Coal}"",""{2020}"",True"
"10671,""35.193100000000001"",""-94.645799999999994"",""40079"",""8.761111111111111"",True,""0.8772688395396164"",""22.54187851658062"",""95.89027761715916"",""{Coal,Coal}"",""{2026,2020}"",True"
"10678,""39.595171000000001"",""-78.745329999999996"",""24001"",""14.865555555555554"",True,""0.5904171919184471"",""54.62351113110658"",""0"",""{Coal}"",""{2024}"",True"
"10743,""39.639699999999998"",""-79.960560000000001"",""54061"",""10.846666666666668"",True,""0.4530102452483375"",""0.9437420388341323"",""72.93172964218003"",""{Coal}"",""{2028}"",True"
"10860,""41.820599999999999"",""-90.209699999999998"",""19045"",""9.168888888888889"",True,""0.4000076285366002"",""3.228305847491549"",""30.77808031803473"",""{""""Natural Gas and Other Gases""""}"",""{2021}"",True"
"10861,""41.624437999999998"",""-93.584519999999998"",""19153"",""9.168888888888889"",True,""0.36423597247274486"",""3.9593845764493305"",""37.606483905507325"",""{""""Natural Gas and Other Gases""""}"",""{2021}"",True"
"10862,""40.866463000000003"",""-96.614490000000004"",""31109"",""9.186666666666667"",True,""0.2947292962666683"",""6.8499981758527655"",""62.84829710391412"",""{""""Natural Gas and Other Gases"""",""""Natural Gas and Other Gases"""",""""Natural Gas and Other Gases""""}"",""{2026,2026,2026}"",True"
"10864,""41.922100000000000"",""-91.687500000000000"",""19113"",""9.168888888888889"",True,""0.19966170143357337"",""4.2052529958000235"",""17.80351816982642"",""{Nuclear}"",""{2020}"",True"
"10865,""39.870074000000002"",""-88.890760000000000"",""17115"",""12.153333333333332"",False,""0.5611555736083901"",""3.2270317227958003"",""37.976973754432976"",""{""""Natural Gas and Other Gases""""}"",""{2021}"",True"
"10867,""39.849190000000000"",""-88.931939999999997"",""17115"",""12.153333333333332"",False,""0.5701694280988283"",""0.5927357093314538"",""40.530377327415"",""{""""Natural Gas and Other Gases""""}"",""{2021}"",True"
"50481,""36.521900000000002"",""-82.543099999999995"",""47163"",""10.899999999999999"",True,""0.5356609411035796"",""2.479204153480129"",""89.6718594977774"",""{Coal,Coal}"",""{2020,2020}"",True"
"50611,""40.619100000000003"",""-76.450000000000003"",""42107"",""12.685555555555556"",False,""0.5006985633008734"",""25.342633091276323"",""24.096970085484102"",""{Coal}"",""{2020}"",True"
"50835,""44.217298999999997"",""-86.289050000000003"",""26101"",""14.05"",False,""0.3680715451887866"",""95.07976622238755"",""109.67821185925305"",""{Coal}"",""{2020}"",True"
"50888,""40.691699999999997"",""-75.479200000000006"",""42095"",""12.685555555555556"",False,""0.46939426959357"",""8.722495442122943"",""27.608511138080985"",""{""""Natural Gas and Other Gases"""",""""Natural Gas and Other Gases"""",""""Natural Gas and Other Gases"""",""""Natural Gas and Other Gases""""}"",""{2023,2023,2023,2022}"",True"
"50900,""37.799722000000003"",""-79.994699999999995"",""51005"",""10.93888888888889"",False,""0.34516214393005484"",""44.97731085351028"",""106.06131881053531"",""{""""Natural Gas and Other Gases"""",""""Natural Gas and Other Gases""""}"",""{2023,2022}"",True"
"50933,""45.639400000000002"",""-89.420500000000004"",""55085"",""12.646666666666667"",True,""0.030024926173839145"",""68.44066397679705"",""78.22488209635375"",""{""""Natural Gas and Other Gases"""",""""Natural Gas and Other Gases"""",""""Natural Gas and Other Gases""""}"",""{2023,2023,2023}"",True"
"54276,""35.906900000000000"",""-79.061700000000002"",""37135"",""11.615555555555554"",True,""0.45935992772926665"",""2.3431146951385204"",""134.32204907850792"",""{Coal,""""Natural Gas and Other Gases""""}"",""{2034,2034}"",True"
"54556,""41.777500000000003"",""-87.823300000000003"",""17031"",""12.153333333333332"",False,""0.6016496095090996"",""4.876355079058562"",""14.474658938555313"",""{""""Natural Gas and Other Gases"""",""""Natural Gas and Other Gases""""}"",""{2025,2025}"",True"
"54634,""40.822200000000002"",""-76.173599999999993"",""42107"",""12.685555555555556"",False,""0.46361736671026177"",""18.20152517157748"",""3.6433403614684075"",""{Coal}"",""{2020}"",True"
"54867,""46.409399999999998"",""-86.644300000000001"",""26003"",""14.05"",False,""0.45856993113130684"",""209.49806116698502"",""205.29156405151176"",""{""""Natural Gas and Other Gases""""}"",""{2020}"",True"
"55076,""33.376100000000001"",""-89.218299999999999"",""28019"",""10.876666666666667"",True,""0.7352012685617704"",""27.778985267818058"",""131.33145302166992"",""{""""Natural Gas and Other Gases""""}"",""{2035}"",True"
"55856,""38.279167000000001"",""-89.666939999999997"",""17189"",""12.153333333333332"",False,""0.47821695281272003"",""30.475500724351907"",""14.519032266481506"",""{Coal,Coal,Coal}"",""{2025,2025,2020}"",True"
"56068,""42.849200000000003"",""-87.833600000000004"",""55079"",""12.646666666666667"",True,""0.7349345913644242"",""5.493050099928214"",""0.43981508936736297"",""{Coal,Coal,Coal,Coal}"",""{2025,2025,2024,2024}"",True"
"56224,""40.746099999999998"",""-116.529700000000005"",""32011"",""11.724444444444444"",True,""0.4977603839303023"",""220.72167454913514"",""231.76509116167816"",""{""""Natural Gas and Other Gases"""",""""Natural Gas and Other Gases""""}"",""{2028,2028}"",NULL"
"56564,""33.649721999999997"",""-93.811940000000007"",""05057"",""9.413333333333334"",True,""0.8958690433425333"",""21.803799148890462"",""78.767013983142"",""{""""Natural Gas and Other Gases""""}"",""{2020}"",True"
"56611,""31.474378000000002"",""-96.957149999999999"",""48309"",""9.855555555555556"",False,""0.8561981093272354"",""15.307723418206908"",""81.15260643589713"",""{""""Natural Gas and Other Gases""""}"",""{2021}"",True"
"56671,""39.707892999999999"",""-79.958969999999994"",""54061"",""10.846666666666668"",True,""0.46049030269128577"",""6.646381227557854"",""68.48158797673204"",""{Coal}"",""{2028}"",True"
"57914,""47.717222000000000"",""-104.135599999999997"",""30083"",""10.905555555555557"",False,""0.25847410129875"",""57.16983810169264"",""0"",""{Coal,Coal}"",""{2023,2023}"",True"
"57928,""37.711944000000003"",""-89.215000000000003"",""17077"",""12.153333333333332"",False,""0.6090247427193409"",""1.0549927622949982"",""19.825807966060207"",""{Coal}"",""{2020}"",True"
"57949,""43.741110999999997"",""-83.447220000000002"",""26063"",""14.05"",False,""0.3473619840492394"",""33.59223788299932"",""28.687206536370827"",""{Coal,Coal,Coal,Coal}"",""{2023,2023,2023,2023}"",True"
"62319,""45.765346000000001"",""-108.499200000000002"",""30111"",""10.905555555555557"",False,""0.2497"",""1.8402290926311644"",""130.92339520933098"",""{Coal,Coal}"",""{2020,2020}"",True"
"525,""40.485599999999998"",""-107.185000000000002"",""08107"",""11.954444444444444"",True,""0.07412908087329179"",""132.51080282863106"",""0"",""{Coal,Coal}"",""{2028,2027}"",True"
"594,""38.585700000000003"",""-75.234099999999998"",""10005"",""13.44111111111111"",False,""0.4139148293972482"",""30.731464035185848"",""0"",""{Coal}"",""{2026}"",True"
"602,""39.180000000000000"",""-76.538899999999998"",""24003"",""14.865555555555554"",True,""0.537312415610966"",""4.737887019155926"",""0.22106967939032843"",""{Coal,Coal}"",""{2025,2025}"",True"
"641,""30.566099999999999"",""-87.224400000000003"",""12033"",""12.875555555555556"",True,""0.42252504931591733"",""3.7376838296358805"",""6.501095414684633"",""{""""Natural Gas and Other Gases"""",""""Natural Gas and Other Gases"""",""""Natural Gas and Other Gases""""}"",""{2025,2025,2025}"",True"
"645,""27.794400000000000"",""-82.403599999999997"",""12057"",""12.875555555555556"",True,""0.6331933238071227"",""6.966049242782842"",""0"",""{Coal,""""Natural Gas and Other Gases""""}"",""{2021,2023}"",NULL"
"703,""34.125599999999999"",""-84.922200000000004"",""13015"",""11.428888888888888"",True,""0.4028149491670445"",""19.18116172746167"",""59.748712962549256"",""{Coal,Coal}"",""{2022,2022}"",True"
"887,""37.209400000000002"",""-88.858890000000002"",""17127"",""12.153333333333332"",False,""0.4989608014808304"",""21.13726203571664"",""0"",""{Coal,Coal,Coal,Coal,Coal,Coal}"",""{2022,2022,2022,2022,2022,2022}"",True"
"889,""38.204999999999998"",""-89.854399999999998"",""17157"",""12.153333333333332"",False,""0.4594768506567119"",""28.948058520902677"",""0"",""{Coal,Coal,Coal}"",""{2025,2025,2020}"",True"
"983,""38.737800000000000"",""-85.420599999999993"",""18077"",""11.288888888888888"",True,""0.44804098578887214"",""46.129058289774186"",""44.89347691090815"",""{""""Natural Gas and Other Gases""""}"",""{2021}"",True"
"997,""41.720799999999997"",""-86.908600000000007"",""18091"",""11.288888888888888"",True,""0.4488833461552407"",""0.32407911593239247"",""0"",""{Coal}"",""{2028}"",NULL"
"1001,""39.924199999999999"",""-87.424400000000006"",""18165"",""11.288888888888888"",True,""0.5312389896930089"",""23.565776256810732"",""38.032483140633914"",""{Coal,Coal}"",""{2023,2021}"",True"
"1012,""37.911099999999998"",""-87.327500000000001"",""18173"",""11.288888888888888"",True,""0.4372371807578507"",""16.916277160256797"",""0"",""{Coal}"",""{2025}"",True"
"1047,""43.335900000000002"",""-91.167500000000004"",""19005"",""9.168888888888889"",True,""0.3562679432781344"",""46.55717937006928"",""0"",""{Coal}"",""{2023}"",True"
"492,""38.824444000000000"",""-104.833299999999994"",""08041"",""11.954444444444444"",True,""0.38527971336455"",""1.3427174263823123"",""0"",""{Coal,""""Natural Gas and Other Gases""""}"",""{2022,2022}"",NULL"
"1073,""41.944038999999997"",""-91.639169999999993"",""19113"",""9.168888888888889"",True,""0.1976055459630024"",""3.4299507310352926"",""17.49904474028821"",""{Nuclear}"",""{2020}"",True"
"1082,""41.180000000000000"",""-95.840800000000002"",""19155"",""9.168888888888889"",True,""0.3498692153270624"",""5.490316170321223"",""15.484878996263785"",""{""""Natural Gas and Other Gases"""",""""Natural Gas and Other Gases"""",""""Natural Gas and Other Gases""""}"",""{2026,2026,2026}"",True"
"1104,""40.741199999999999"",""-91.116669999999999"",""19057"",""9.168888888888889"",True,""0.3955283482314595"",""6.054638808331432"",""0"",""{""""Natural Gas and Other Gases"""",""""Natural Gas and Other Gases"""",""""Natural Gas and Other Gases"""",""""Natural Gas and Other Gases""""}"",""{2026,2026,2026,2026}"",True"
"1250,""39.007199999999997"",""-95.269170000000003"",""20045"",""11.11111111111111"",True,""0.2069653382137447"",""3.9300896348652032"",""34.77200400105625"",""{""""Natural Gas and Other Gases""""}"",""{2020}"",True"
"1379,""37.151699999999998"",""-88.775000000000006"",""21145"",""10.14"",True,""0.4839049247751022"",""13.6403203894273"",""0"",""{Coal,Coal,Coal,Coal,Coal,Coal,Coal,Coal}"",""{2033,2033,2033,2033,2033,2033,2033,2033}"",True"
"1832,""42.692222000000001"",""-84.657219999999995"",""26045"",""14.05"",False,""0.4235501923271217"",""7.323466096239707"",""0"",""{Coal}"",""{2022}"",True"
"1893,""47.261099999999999"",""-93.652799999999999"",""27061"",""12.153333333333332"",True,""0.3319365170407473"",""117.38792855008195"",""81.41077823049316"",""{""""Natural Gas and Other Gases"""",""""Natural Gas and Other Gases""""}"",""{2022,2022}"",True"
"1915,""45.030000000000001"",""-92.778599999999997"",""27163"",""12.153333333333332"",True,""0.31238415661136765"",""13.499034908929712"",""0"",""{Coal}"",""{2028}"",True"
"2240,""41.428100000000001"",""-96.462299999999999"",""31053"",""9.186666666666667"",True,""0.44190671496379624"",""2.224729161185073"",""36.95049972238627"",""{""""Natural Gas and Other Gases"""",""""Natural Gas and Other Gases"""",""""Natural Gas and Other Gases""""}"",""{2026,2026,2026}"",True"
"2364,""43.141100000000002"",""-71.469200000000001"",""33013"",""20.718888888888888"",False,""0.11864375402284554"",""7.42773872531619"",""49.246408116692"",""{""""Natural Gas and Other Gases"""",""""Natural Gas and Other Gases""""}"",""{2027,2027}"",True"
"2718,""35.189700000000002"",""-81.012200000000007"",""37071"",""11.615555555555554"",True,""0.47371244094750053"",""12.678938301768856"",""0"",""{Coal,Coal,Coal,Coal,Coal}"",""{2024,2024,2021,2021,2021}"",True"
"2790,""46.866900000000001"",""-100.883600000000001"",""38059"",""7.913333333333333"",True,""0.15805626345623455"",""9.620639799544463"",""0"",""{Coal,Coal}"",""{2022,2022}"",True"
"2817,""47.280768999999999"",""-101.321200000000005"",""38057"",""7.913333333333333"",True,""0.12268627182489866"",""60.95962343959354"",""51.79881320317205"",""{Coal,Coal}"",""{2022,2022}"",True"
"2823,""47.065854000000002"",""-101.213099999999997"",""38065"",""7.913333333333333"",True,""0.13964977877462087"",""40.00447434279353"",""30.432385064586267"",""{Coal,Coal}"",""{2022,2022}"",True"
"2866,""40.531700000000001"",""-80.631900000000002"",""39081"",""11.313333333333333"",False,""0.3861346637702293"",""41.62042047596158"",""0"",""{Coal,Coal,Coal,Coal,Coal,Coal,Coal}"",""{2023,2023,2023,2020,2020,2020,2020}"",True"
"2914,""40.520066000000000"",""-81.468149999999994"",""39157"",""11.313333333333333"",False,""0.352592232285823"",""24.351403444780903"",""41.7762339015116"",""{Coal}"",""{2020}"",True"
"3122,""40.512824999999999"",""-79.196110000000004"",""42063"",""12.685555555555556"",False,""0.3150268500232084"",""38.29718989252954"",""0"",""{Coal,Coal,Coal}"",""{2024,2023,2023}"",True"
"3298,""33.015799999999999"",""-79.929699999999997"",""45015"",""10.766666666666667"",True,""0.41259180402438983"",""7.519845700511474"",""0"",""{""""Natural Gas and Other Gases"""",""""Natural Gas and Other Gases""""}"",""{2022,2022}"",True"
"3396,""36.021099999999997"",""-84.156700000000001"",""47001"",""10.899999999999999"",True,""0.367501690263597"",""7.050337442843213"",""0"",""{Coal}"",""{2023}"",True"
"3399,""36.390300000000003"",""-87.653899999999993"",""47161"",""10.899999999999999"",True,""0.5039420843663923"",""23.94164140188731"",""0"",""{Coal,Coal}"",""{2028,2026}"",True"
"3407,""35.899200000000000"",""-84.519400000000005"",""47145"",""10.899999999999999"",True,""0.43726213895531313"",""20.232781902547234"",""0"",""{Coal,Coal,Coal,Coal,Coal,Coal,Coal,Coal,Coal}"",""{2027,2027,2027,2027,2027,2027,2026,2026,2026}"",True"
"3470,""29.482800000000001"",""-95.631100000000004"",""48157"",""9.855555555555556"",False,""0.4310391941144822"",""12.122659763644911"",""41.91992990884006"",""{""""Natural Gas and Other Gases""""}"",""{2023}"",True"
"3935,""38.473100000000002"",""-81.823300000000003"",""54079"",""10.846666666666668"",True,""0.3383812788897135"",""17.284481391451088"",""153.0770613563396"",""{Coal}"",""{2020}"",True"
"3943,""39.710833000000001"",""-79.927499999999995"",""54061"",""10.846666666666668"",True,""0.46860713305266"",""7.029961887304089"",""69.83004578155968"",""{Coal}"",""{2028}"",True"
"3944,""39.384166999999998"",""-80.332499999999996"",""54033"",""10.846666666666668"",True,""0.44926509754077487"",""34.74825169227586"",""81.1740641371294"",""{Coal}"",""{2028}"",True"
"3948,""39.829700000000003"",""-80.815299999999993"",""54051"",""10.846666666666668"",True,""0.3106676749212908"",""23.669057350900996"",""39.876652544680226"",""{Coal}"",""{2028}"",True"
"7030,""31.091925000000000"",""-96.695030000000003"",""48395"",""9.855555555555556"",False,""0.8308460922984078"",""40.998654530822506"",""45.29227174156393"",""{""""Natural Gas and Other Gases""""}"",""{2021}"",NULL"
"2277,""40.558900000000001"",""-96.784700000000001"",""31109"",""9.186666666666667"",True,""0.3019462600504158"",""24.048420476934417"",""91.38348093507359"",""{""""Natural Gas and Other Gases"""",""""Natural Gas and Other Gases"""",""""Natural Gas and Other Gases""""}"",""{2026,2026,2026}"",NULL"
"4050,""43.715142000000000"",""-87.705860000000001"",""55117"",""12.646666666666667"",True,""0.21865944722390948"",""5.26085021302603"",""78.27515789160697"",""{""""Natural Gas and Other Gases""""}"",""{2021}"",NULL"
"113,""34.939399999999999"",""-110.303299999999993"",""04017"",""12.479999999999999"",True,""0.9955"",""95.77998174049907"",""0"",""{Coal}"",""{2020}"",NULL"
"160,""32.060299999999998"",""-109.893100000000004"",""04003"",""12.479999999999999"",True,""0.9064"",""48.04706796399871"",""193.37523916787103"",""{Coal,Coal}"",""{2027,2032}"",NULL"
"6165,""39.174700000000001"",""-111.028899999999993"",""49015"",""8.881111111111112"",True,""0.2850590589203039"",""94.05063188771116"",""18.58770205247108"",""{Coal,Coal}"",""{2036,2036}"",NULL"
"6177,""34.578899999999997"",""-109.270799999999994"",""04001"",""12.479999999999999"",True,""0.9870980551817916"",""172.56867622915613"",""0"",""{Coal,Coal}"",""{2032,2032}"",NULL"
"8223,""34.318600000000004"",""-109.163899999999998"",""04001"",""12.479999999999999"",True,""0.9710950186085064"",""181.22386200291342"",""0"",""{Coal,Coal}"",""{2027,2032}"",NULL"
"54213,""48.593158000000003"",""-97.176079999999999"",""38067"",""7.913333333333333"",True,""0.15573969647806327"",""70.1217809212669"",""248.22976306280546"",""{Coal,Coal}"",""{2021,2021}"",NULL"
"8069,""39.379199999999997"",""-111.078100000000006"",""49015"",""8.881111111111112"",True,""0.46971814983121823"",""76.3745024887046"",""0"",""{Coal,Coal}"",""{2036,2036}"",NULL"
"10075,""47.531399999999998"",""-90.911400000000000"",""27031"",""12.153333333333332"",True,""0.15393737709753222"",""111.65949761944844"",""0"",""{Coal,Coal}"",""{2023,2023}"",NULL"
"10849,""47.286572999999997"",""-91.260530000000003"",""27075"",""12.153333333333332"",True,""0.1102"",""76.98110910387769"",""34.77608201419611"",""{Coal,Coal}"",""{2023,2023}"",NULL"
"1743,""42.764200000000002"",""-82.471900000000005"",""26147"",""14.05"",False,""0.29317502338540485"",""18.941685150558563"",""0"",""{Coal,Coal,Coal,Coal}"",""{2022,2022,2022,2022}"",NULL"
"6076,""45.883099999999999"",""-106.614000000000004"",""30087"",""10.905555555555557"",False,""0.6074602491955279"",""131.58188250488217"",""0"",""{Coal,Coal}"",""{2020,2020}"",NULL"
"7097,""29.309722000000001"",""-98.320300000000003"",""48029"",""9.855555555555556"",False,""0.8142567028743534"",""14.949191540588846"",""0"",""{Coal}"",""{2028}"",NULL"
"108,""37.930799999999998"",""-100.972499999999997"",""20055"",""11.11111111111111"",True,""0.8025676950922876"",""8.782689741262846"",""160.4331018120851"",""{""""Natural Gas and Other Gases""""}"",""{2021}"",NULL"
"667,""30.417200000000001"",""-81.552499999999995"",""12031"",""12.875555555555556"",True,""0.6766400998515795"",""9.868398995916552"",""54.966777424616616"",""{Coal}"",""{2024}"",NULL"
"1241,""38.348100000000002"",""-94.645600000000002"",""20107"",""11.11111111111111"",True,""0.19303251822023915"",""47.863846023953165"",""49.826342404954275"",""{""""Natural Gas and Other Gases""""}"",""{2020}"",NULL"
"6101,""44.290128000000003"",""-105.381500000000003"",""56005"",""8.70111111111111"",True,""0.3315"",""8.377871626657557"",""0"",""{Coal}"",""{2039}"",NULL"
"7504,""44.285600000000002"",""-105.383300000000006"",""56005"",""8.70111111111111"",True,""0.3315"",""8.270110092668585"",""0.45490488376758886"",""{Coal}"",""{2039}"",NULL"
"54210,""47.437562000000000"",""-97.063109999999995"",""38097"",""7.913333333333333"",True,""0.11216479694221099"",""49.853585281573075"",""135.79747936597994"",""{Coal,Coal}"",""{2021,2021}"",NULL"
"54211,""46.902600000000000"",""-96.761120000000005"",""27027"",""12.153333333333332"",True,""0.17865867344264064"",""3.4210472651327817"",""79.12511410663222"",""{Coal,Coal}"",""{2021,2021}"",NULL"
"55479,""44.285800000000002"",""-105.383300000000006"",""56005"",""8.70111111111111"",True,""0.3315"",""8.26888287944988"",""0.43634984846491226"",""{Coal}"",""{2039}"",NULL"
"56319,""44.291899999999998"",""-105.381100000000004"",""56005"",""8.70111111111111"",True,""0.3315"",""8.405300602748136"",""0.17345604693122316"",""{Coal}"",""{2039}"",NULL"
"56596,""44.291899999999998"",""-105.380600000000001"",""56005"",""8.70111111111111"",True,""0.3315"",""8.439884620888547"",""0.18220038760939508"",""{Coal}"",""{2039}"",NULL"
"56609,""44.388888999999999"",""-105.460800000000006"",""56005"",""8.70111111111111"",True,""0.3315"",""9.886725502335148"",""11.014528980782682"",""{Coal}"",""{2039}"",NULL"
"57046,""41.416442000000004"",""-97.286330000000007"",""31141"",""9.186666666666667"",True,""0.31621469509075045"",""55.20731461005283"",""93.15288568629256"",""{""""Natural Gas and Other Gases"""",""""Natural Gas and Other Gases"""",""""Natural Gas and Other Gases""""}"",""{2026,2026,2026}"",NULL"
"57937,""41.858870000000003"",""-103.634399999999999"",""31157"",""9.186666666666667"",True,""0.5655152354667908"",""103.83323037966451"",""0"",""{""""Natural Gas and Other Gases""""}"",""{2022}"",NULL"
"54212,""47.764679999999998"",""-96.633380000000002"",""27119"",""12.153333333333332"",True,""0.3628529879684846"",""33.619846840407426"",""155.06265341508458"",""{Coal,Coal}"",""{2021,2021}"",NULL"
"883,""42.383299999999998"",""-87.813299999999998"",""17097"",""12.153333333333332"",False,""0.36458741854725446"",""2.3650477230789133"",""0"",""{Coal,Coal}"",""{2022,2022}"",NULL"
"4158,""42.837800000000001"",""-105.776899999999998"",""56009"",""8.70111111111111"",True,""0.2048"",""37.629511210189705"",""0"",""{Coal,Coal,Coal,Coal}"",""{2027,2027,2027,2027}"",True"
"6077,""41.080800000000004"",""-101.140799999999999"",""31111"",""9.186666666666667"",True,""0.3467137801497327"",""146.4235687702368"",""186.84204748976478"",""{""""Natural Gas and Other Gases""""}"",""{2022}"",True"
"6098,""45.303652000000000"",""-96.510069999999999"",""46051"",""10.661111111111111"",True,""0.19230008551149028"",""136.36052422433212"",""102.34128595229431"",""{""""Natural Gas and Other Gases"""",""""Natural Gas and Other Gases""""}"",""{2020,2020}"",True"
"6193,""35.298160000000003"",""-101.747200000000007"",""48375"",""9.855555555555556"",False,""0.7498087855581406"",""10.50524669439779"",""0"",""{Coal,Coal,Coal}"",""{2036,2038,2040}"",True"
"6204,""42.108888999999998"",""-104.882499999999993"",""56031"",""8.70111111111111"",True,""0.11331133753802389"",""88.88927146116266"",""89.41191520928864"",""{""""Natural Gas and Other Gases""""}"",""{2022}"",True"
"10784,""45.975200000000001"",""-106.654700000000005"",""30087"",""10.905555555555557"",False,""0.6067961482720577"",""129.80997660263372"",""9.58205015251141"",""{Coal,Coal}"",""{2020,2020}"",True"
"54214,""47.927202000000001"",""-97.007149999999996"",""27119"",""12.153333333333332"",True,""0.32089560412840035"",""3.581701279018818"",""179.20852321158145"",""{Coal,Coal}"",""{2021,2021}"",NULL"
"54533,""44.796405000000000"",""-95.179789999999997"",""27129"",""12.153333333333332"",True,""0.28502210393115107"",""101.32227459629766"",""32.981787257630714"",""{""""Natural Gas and Other Gases"""",""""Natural Gas and Other Gases""""}"",""{2020,2020}"",True"
"470,""38.208100000000002"",""-104.574700000000007"",""08101"",""11.954444444444444"",True,""0.8669"",""5.646069102444552"",""0"",""{Coal,Coal}"",""{2025,2022}"",True"
"1554,""39.178100000000001"",""-76.526799999999994"",""24003"",""14.865555555555554"",True,""0.5410589752466912"",""4.883341022272707"",""0"",""{Coal}"",""{2020}"",True"
"1573,""38.359200000000001"",""-76.976699999999994"",""24017"",""14.865555555555554"",True,""0.16397447418723327"",""22.383934877349308"",""0"",""{Coal,Coal}"",""{2022,2022}"",True"
"2367,""43.097799999999999"",""-70.784199999999998"",""33015"",""20.718888888888888"",False,""0.07444396898849172"",""11.431132056496754"",""53.26612963329707"",""{""""Natural Gas and Other Gases""""}"",""{2026}"",True"
"2442,""36.689999999999998"",""-108.481399999999994"",""35045"",""9.398888888888889"",True,""0.9194"",""19.55013632402278"",""0"",""{Coal,Coal}"",""{2031,2031}"",True"
"2451,""36.800600000000003"",""-108.438599999999994"",""35045"",""9.398888888888889"",True,""0.9072374362151031"",""17.41336079725959"",""0"",""{Coal,Coal}"",""{2022,2022}"",True"
"2554,""42.491467000000000"",""-79.346630000000005"",NULL,NULL,False,""0.6815390698076291"",""37.619187632719175"",""0"",""{Coal,Coal,Coal}"",""{2022,2022,2022}"",True"
"7213,""36.869000000000000"",""-78.703999999999994"",""51083"",""10.93888888888889"",False,""0.7052658761020469"",""54.63658651612233"",""101.62571617799713"",""{Coal,Coal}"",""{2023,2023}"",True"
"8224,""40.881317000000003"",""-117.151600000000002"",""32013"",""11.724444444444444"",True,""0.6141901217580099"",""216.81832873075751"",""209.37662865681037"",""{""""Natural Gas and Other Gases"""",""""Natural Gas and Other Gases""""}"",""{2028,2028}"",True"
"10504,""42.532800000000002"",""-114.432800000000000"",""16083"",""9.49"",True,""0.5474897660444302"",""3.5612932922525338"",""226.44934372278752"",""{""""Natural Gas and Other Gases"""",""""Natural Gas and Other Gases"""",""""Natural Gas and Other Gases""""}"",""{2023,2023,2023}"",True"
"50397,""39.870935000000003"",""-76.868120000000005"",""42133"",""12.685555555555556"",False,""0.30400107563326045"",""12.341103713191547"",""16.833249761978823"",""{""""Natural Gas and Other Gases"""",""""Natural Gas and Other Gases"""",""""Natural Gas and Other Gases"""",""""Natural Gas and Other Gases"""",""""Natural Gas and Other Gases"""",""""Natural Gas and Other Gases""""}"",""{2021,2021,2021,2021,2021,2021}"",True"
"50776,""40.855600000000003"",""-75.878100000000003"",""42025"",""12.685555555555556"",False,""0.5211951331717146"",""10.855398185433362"",""21.677424103140716"",""{Coal}"",""{2020}"",True"
"50951,""39.547199999999997"",""-110.391700000000000"",""49007"",""8.881111111111112"",True,""0.5427552617700593"",""100.14116439301388"",""49.80761225997119"",""{Coal,Coal}"",""{2036,2036}"",True"
"54318,""41.593299999999999"",""-109.754199999999997"",""56037"",""8.70111111111111"",True,""0.3701"",""145.05020346556603"",""60.348678509461905"",""{Coal,Coal,""""Natural Gas and Other Gases""""}"",""{2025,2025,2029}"",True"
"57915,""41.621667000000002"",""-109.811899999999994"",""56037"",""8.70111111111111"",True,""0.36163142649187124"",""140.84756045090433"",""55.844566084793655"",""{Coal,Coal,""""Natural Gas and Other Gases""""}"",""{2025,2025,2029}"",True"
"1979,""47.429400000000001"",""-92.935000000000002"",""27137"",""12.153333333333332"",True,""0.31405698471206334"",""86.78755745601165"",""28.871540848518062"",""{""""Natural Gas and Other Gases"""",""""Natural Gas and Other Gases""""}"",""{2022,2022}"",True"
"2836,""41.504452999999998"",""-82.054620000000000"",""39093"",""11.313333333333333"",False,""0.6202157039902461"",""9.345208864800897"",""0"",""{Coal}"",""{2022}"",True"
"2935,""40.850963999999998"",""-81.765760000000000"",""39169"",""11.313333333333333"",False,""0.3591652150715021"",""12.06590806675402"",""26.06535692368777"",""{""""Natural Gas and Other Gases"""",""""Natural Gas and Other Gases""""}"",""{2022,2022}"",True"
"2936,""41.726500000000001"",""-81.254000000000005"",""39085"",""11.313333333333333"",False,""0.1569653642103514"",""6.649871295457239"",""59.06728665241445"",""{Coal}"",""{2022}"",True"
"2963,""36.431699999999999"",""-95.700800000000001"",""40131"",""8.761111111111111"",True,""0.4889202665572932"",""17.64152449098827"",""35.20308570595062"",""{Coal,Coal}"",""{2026,2020}"",True"
"6009,""34.422800000000002"",""-92.140600000000006"",""05069"",""9.413333333333334"",True,""0.6535488310270636"",""19.60837189171136"",""52.875660707856326"",""{""""Natural Gas and Other Gases""""}"",""{2027}"",True"
"6068,""39.286453000000002"",""-96.117230000000006"",""20149"",""11.11111111111111"",True,""0.35910834947327"",""32.39202264754748"",""83.16567057326493"",""{""""Natural Gas and Other Gases""""}"",""{2020}"",True"
"6090,""45.380800000000001"",""-93.893100000000004"",""27141"",""12.153333333333332"",True,""0.09043920380736706"",""23.752752908167814"",""0"",""{Coal,Coal,Coal}"",""{2025,2034,2023}"",True"
"6095,""36.453069999999997"",""-97.052790000000002"",""40103"",""8.761111111111111"",True,""0.5190401362902469"",""27.632074810104786"",""23.089483174037863"",""{""""Natural Gas and Other Gases""""}"",""{2022}"",True"
"6096,""40.621400000000001"",""-95.776399999999995"",""31131"",""9.186666666666667"",True,""0.14902135131984445"",""48.4238471543849"",""65.8742602176273"",""{""""Natural Gas and Other Gases"""",""""Natural Gas and Other Gases"""",""""Natural Gas and Other Gases""""}"",""{2026,2026,2026}"",True"
"6138,""36.256100000000004"",""-94.524100000000004"",""05007"",""9.413333333333334"",True,""0.37681621521746717"",""24.62630270246597"",""53.23634313608326"",""{Coal,Coal}"",""{2026,2020}"",True"
"6139,""33.055219999999998"",""-94.839990000000000"",""48449"",""9.855555555555556"",False,""0.8118004063406692"",""44.416464357794275"",""0"",""{Coal,Coal}"",""{2028,2028}"",True"
"26,""33.244211000000000"",""-86.458060000000003"",""01117"",""11.725555555555555"",True,""0.272521907872251"",""24.884883097052924"",""72.19982106284029"",""{""""Natural Gas and Other Gases"""",""""Natural Gas and Other Gases""""}"",""{2023,2023}"",True"
"136,""29.733056000000001"",""-81.632779999999997"",""12107"",""12.875555555555556"",True,""0.3620721510902596"",""29.4773390310405"",""0"",""{Coal}"",""{2024}"",True"
"564,""28.482199999999999"",""-81.167800000000000"",""12095"",""12.875555555555556"",True,""0.576354090045021"",""3.8527662235282447"",""0"",""{Coal}"",""{2025}"",True"
"628,""28.965599999999998"",""-82.697699999999998"",""12017"",""12.875555555555556"",True,""0.6299869573621529"",""40.34300726386601"",""59.9453736045174"",""{""""Natural Gas and Other Gases""""}"",""{2021}"",True"
"1091,""42.299793999999999"",""-96.361710000000002"",""19193"",""9.168888888888889"",True,""0.7404886166194572"",""19.088785777773634"",""94.5979625571087"",""{""""Natural Gas and Other Gases"""",""""Natural Gas and Other Gases"""",""""Natural Gas and Other Gases""""}"",""{2026,2026,2026}"",True"
"1167,""41.391700000000000"",""-91.056899999999999"",""19139"",""9.168888888888889"",True,""0.5272829750139737"",""34.880057310846524"",""0"",""{Coal}"",""{2024}"",True"
"1393,""30.284400000000002"",""-93.291100000000000"",""22019"",""8.671111111111111"",True,""0.7375913147380014"",""8.505054904544624"",""38.371626799355134"",""{""""Natural Gas and Other Gases"""",""""Natural Gas and Other Gases"""",""""Natural Gas and Other Gases""""}"",""{2020,2020,2020}"",True"
"1702,""43.644995999999999"",""-83.840069999999997"",""26017"",""14.05"",False,""0.4930948916176842"",""6.540816471313449"",""0"",""{Coal,Coal,Coal,Coal}"",""{2023,2023,2023,2023}"",True"
"1710,""42.910296000000002"",""-86.200739999999996"",""26139"",""14.05"",False,""0.2166168557556"",""15.329855066665594"",""0"",""{Coal,Coal,Coal}"",""{2025,2025,2025}"",True"
"1733,""41.890599999999999"",""-83.346400000000003"",""26115"",""14.05"",False,""0.42115889208367574"",""25.624582374551057"",""0"",""{Coal,Coal,Coal,Coal}"",""{2032,2032,2028,2028}"",True"
"1745,""42.121699999999997"",""-83.180800000000005"",""26163"",""14.05"",False,""0.8469467467940096"",""7.935738903337507"",""0"",""{Coal}"",""{2022}"",True"
"2103,""38.562244000000000"",""-90.837689999999995"",""29071"",""10.742222222222223"",True,""0.17913278329548074"",""13.91985179037364"",""37.502699181024866"",""{""""Natural Gas and Other Gases"""",Coal,Coal,""""Natural Gas and Other Gases"""",""""Natural Gas and Other Gases""""}"",""{2022,2022,2022,2022,2022}"",True"
"2291,""41.329090000000001"",""-95.944659999999999"",""31055"",""9.186666666666667"",True,""0.4215955492664249"",""6.149789684902296"",""0"",""{""""Natural Gas and Other Gases"""",""""Natural Gas and Other Gases"""",""""Natural Gas and Other Gases""""}"",""{2026,2026,2026}"",True"
"3297,""33.826400000000000"",""-80.622799999999998"",""45079"",""10.766666666666667"",True,""0.7206796637879762"",""21.319748445855954"",""58.71404158039387"",""{""""Natural Gas and Other Gases"""",""""Natural Gas and Other Gases"""",""""Natural Gas and Other Gases""""}"",""{2020,2020,2020}"",True"
"876,""39.590555999999999"",""-89.496390000000005"",""17021"",""12.153333333333332"",False,""0.39372575303194535"",""21.538801782995947"",""0"",""{Coal,Coal}"",""{2027,2027}"",True"
"963,""39.754803000000003"",""-89.602390000000000"",""17167"",""12.153333333333332"",False,""0.428513662741854"",""5.140646257921169"",""0"",""{Coal,Coal,Coal}"",""{2024,2020,2020}"",True"
"994,""38.528100000000002"",""-87.252499999999998"",""18125"",""11.288888888888888"",True,""0.47601255099196454"",""53.039301170692625"",""0"",""{Coal,Coal}"",""{2023,2021}"",True"
"1004,""38.806699999999999"",""-87.247200000000007"",""18083"",""11.288888888888888"",True,""0.6203445401888336"",""59.094069256363305"",""24.684262018376288"",""{Coal,Coal}"",""{2023,2021}"",True"
"1024,""40.048889000000003"",""-86.899199999999993"",""18107"",""11.288888888888888"",True,""0.3504350680597981"",""31.842065384478044"",""0"",""{Coal,Coal}"",""{2023,2021}"",True"
"1040,""39.802799999999998"",""-84.895300000000006"",""18177"",""11.288888888888888"",True,""0.5358045081294435"",""1.655213754740253"",""42.4418148795256"",""{""""Natural Gas and Other Gases"""",""""Natural Gas and Other Gases"""",""""Natural Gas and Other Gases"""",""""Natural Gas and Other Gases""""}"",""{2021,2021,2021,2021}"",True"
"1355,""37.788310000000003"",""-84.712569999999999"",""21167"",""10.14"",True,""0.4571102219897582"",""13.0128910890128"",""80.95531885876643"",""{""""Natural Gas and Other Gases""""}"",""{2021}"",True"
"1356,""38.749699999999997"",""-85.034999999999997"",""21041"",""10.14"",True,""0.5674409980403334"",""34.24709863448661"",""36.0366164528337"",""{Coal,Coal}"",""{2027,2027}"",True"
"1364,""38.052500000000002"",""-85.910300000000007"",""21111"",""10.14"",True,""0.48094248883532736"",""17.62869339280705"",""0"",""{Coal,Coal}"",""{2024,2027}"",True"
"2104,""38.401699999999998"",""-90.335800000000006"",""29189"",""10.742222222222223"",True,""0.3698376237934263"",""4.220000778745774"",""0"",""{""""Natural Gas and Other Gases"""",Coal,Coal,""""Natural Gas and Other Gases"""",""""Natural Gas and Other Gases""""}"",""{2022,2022,2022,2022,2022}"",True"
"2107,""38.915478999999998"",""-90.290250000000000"",""29183"",""10.742222222222223"",True,""0.25608454884428467"",""7.770251243697333"",""0"",""{Coal,Coal}"",""{2028,2028}"",True"
"3403,""36.315600000000003"",""-86.400599999999997"",""47165"",""10.899999999999999"",True,""0.26447965383922994"",""7.256893334199253"",""0"",""{""""Natural Gas and Other Gases"""",""""Natural Gas and Other Gases"""",""""Natural Gas and Other Gases"""",""""Natural Gas and Other Gases"""",""""Natural Gas and Other Gases"""",""""Natural Gas and Other Gases"""",""""Natural Gas and Other Gases"""",""""Natural Gas and Other Gases"""",Coal,Coal,Coal,Coal}"",""{2031,2031,2031,2031,2031,2031,2031,2031,2031,2031,2031,2031}"",True"
"879,""40.540799999999997"",""-89.678600000000003"",""17179"",""12.153333333333332"",False,""0.3193737055120975"",""4.351998042593762"",""5.121680852381557"",""{Coal,Coal}"",""{2022,2022}"",True"
"884,""41.633400000000002"",""-88.062899999999999"",""17197"",""12.153333333333332"",False,""0.41564796403812304"",""3.485473118452933"",""0"",""{Coal}"",""{2022}"",True"
"2168,""39.552199999999999"",""-92.638099999999994"",""29175"",""10.742222222222223"",True,""0.519382612537094"",""58.15634716162373"",""58.111264885436036"",""{""""Natural Gas and Other Gases""""}"",""{2023}"",NULL"
"4162,""41.758099999999999"",""-110.598299999999995"",""56023"",""8.70111111111111"",True,""0.11232606630134381"",""86.03449569978241"",""0"",""{Coal,Coal,""""Natural Gas and Other Gases""""}"",""{2025,2025,2029}"",NULL"
"6034,""42.775599999999997"",""-82.495000000000005"",""26147"",""14.05"",False,""0.30153060947327626"",""18.125505746190978"",""0"",""{Coal,Coal}"",""{2028,2028}"",True"
"6469,""47.370542000000000"",""-101.835700000000003"",""38057"",""7.913333333333333"",True,""0.10208853589179948"",""82.03290371847459"",""83.4157538869279"",""{Coal,Coal}"",""{2022,2022}"",True"
"6481,""39.509731000000002"",""-112.580200000000005"",""49027"",""8.881111111111112"",True,""0.29342494828304777"",""84.53563207163114"",""0"",""{Coal,Coal}"",""{2025,2025}"",True"
"6761,""40.860905000000002"",""-105.021199999999993"",""08069"",""11.954444444444444"",True,""0.18733750131325522"",""26.188527981325414"",""0"",""{Coal}"",""{2029}"",True"
"8023,""43.486400000000003"",""-89.420299999999997"",""55021"",""12.646666666666667"",True,""0.1398743777686457"",""31.594521762524632"",""0"",""{Coal,Coal}"",""{2026,2026}"",True"
"8066,""41.737800000000000"",""-108.787499999999994"",""56037"",""8.70111111111111"",True,""0.3701"",""199.50633898429277"",""0"",""{Coal,Coal,Coal,Coal}"",""{2037,2037,2037,2037}"",NULL"
"10566,""39.693494000000001"",""-75.485810000000001"",""34033"",""15.825555555555557"",False,""0.37012476621678236"",""6.3425364148238454"",""0"",""{Coal}"",""{2022}"",True"
"10863,""44.187066000000002"",""-93.992419999999996"",""27013"",""12.153333333333332"",True,""0.253517173512138"",""2.520051939649177"",""73.53063529403485"",""{""""Natural Gas and Other Gases"""",""""Natural Gas and Other Gases""""}"",""{2022,2020}"",True"
"54098,""44.282600000000002"",""-88.253399999999999"",""55087"",""12.646666666666667"",True,""0.1843951866665599"",""11.647646699088133"",""25.598200871861053"",""{""""Natural Gas and Other Gases""""}"",""{2021}"",True"
"55749,""45.757800000000003"",""-107.599999999999994"",""30003"",""10.905555555555557"",False,""0.8274"",""63.04265009975105"",""69.32691761445298"",""{Coal,Coal}"",""{2020,2020}"",True"
"2712,""36.483300000000000"",""-79.073099999999997"",""37145"",""11.615555555555554"",True,""0.7654047662394874"",""24.758790349839796"",""140.40279493837699"",""{Coal,Coal}"",""{2023,2023}"",True"
"2876,""38.914400000000001"",""-82.128900000000002"",""39053"",""11.313333333333333"",False,""0.6206302550274055"",""36.645135311482065"",""115.19729240933229"",""{Coal}"",""{2020}"",True"
"3136,""40.660400000000003"",""-79.341099999999997"",""42005"",""12.685555555555556"",False,""0.34711693042215325"",""31.7085106520361"",""16.77077720340393"",""{Coal,Coal,Coal}"",""{2024,2023,2023}"",True"
"6250,""36.527799999999999"",""-78.891700000000000"",""37145"",""11.615555555555554"",True,""0.7226000806604767"",""36.0826795100225"",""127.89077161497423"",""{Coal,Coal}"",""{2023,2023}"",True"
"6264,""38.979399999999998"",""-81.934399999999997"",""54053"",""10.846666666666668"",True,""0.5364248742080127"",""33.18576811576421"",""108.19673897962274"",""{Coal}"",""{2020}"",True"
"8042,""36.281100000000002"",""-80.060299999999998"",""37169"",""11.615555555555554"",True,""0.6497894522727286"",""20.623241786358047"",""85.63866915790368"",""{Coal,""""Natural Gas and Other Gases""""}"",""{2034,2034}"",True"
"8102,""38.934699999999999"",""-82.115799999999993"",""39053"",""11.313333333333333"",False,""0.6219427538061151"",""34.82160536358197"",""113.27939540794978"",""{Coal}"",""{2020}"",True"
"8226,""40.538300000000000"",""-79.790599999999998"",""42003"",""12.685555555555556"",False,""0.2355273213138333"",""4.323979628014261"",""0"",""{Coal}"",""{2022}"",True"
"10143,""40.549999999999997"",""-78.799999999999997"",""42021"",""12.685555555555556"",False,""0.49746638301418244"",""27.87236967013334"",""27.607295871523444"",""{Coal,Coal,Coal}"",""{2024,2023,2023}"",True"
"10603,""40.454999999999998"",""-78.747200000000007"",""42021"",""12.685555555555556"",False,""0.4735325677347456"",""24.433179138991676"",""31.49358490871608"",""{Coal,Coal,Coal}"",""{2024,2023,2023}"",True"
"50974,""41.269100000000002"",""-79.813400000000001"",""42121"",""12.685555555555556"",False,""0.31845893214739046"",""59.69147301945598"",""66.90144236191631"",""{Coal}"",""{2022}"",True"
"56808,""36.916389000000002"",""-82.338059999999999"",""51195"",""10.93888888888889"",False,""0.6405573018924786"",""29.510979787918284"",""124.51306484820321"",""{Coal,Coal}"",""{2020,2020}"",True"
"3845,""46.755938000000000"",""-122.859800000000007"",""53041"",""10.012222222222222"",True,""0.3710518545807481"",""28.50174876901323"",""0"",""{Coal,Coal}"",""{2025,2020}"",True"
"10684,""35.765000000000001"",""-117.383300000000006"",""06071"",""26.047777777777778"",False,""0.8994190749179761"",""22.404924566642457"",""133.3787369008871"",""{""""Natural Gas and Other Gases""""}"",""{2023}"",NULL"
"56456,""35.664400000000001"",""-89.948899999999995"",""05093"",""9.413333333333334"",True,""0.7368703510491768"",""39.746145917436586"",""139.2647028279274"",""{""""Natural Gas and Other Gases"""",""""Natural Gas and Other Gases"""",""""Natural Gas and Other Gases"""",""""Natural Gas and Other Gases"""",""""Natural Gas and Other Gases"""",""""Natural Gas and Other Gases"""",""""Natural Gas and Other Gases"""",""""Natural Gas and Other Gases"""",""""Natural Gas and Other Gases"""",""""Natural Gas and Other Gases"""",""""Natural Gas and Other Gases"""",""""Natural Gas and Other Gases"""",""""Natural Gas and Other Gases"""",""""Natural Gas and Other Gases"""",""""Natural Gas and Other Gases"""",""""Natural Gas and Other Gases""""}"",""{2024,2024,2024,2024,2024,2024,2024,2024,2024,2024,2024,2024,2024,2024,2024,2024}"",True"
"130,""33.371505999999997"",""-80.113240000000005"",""45015"",""10.766666666666667"",True,""0.5859616805919959"",""30.665477595735585"",""32.02605617037466"",""{""""Natural Gas and Other Gases"""",""""Natural Gas and Other Gases""""}"",""{2022,2022}"",True"
"165,""36.190277999999999"",""-95.289400000000001"",""40097"",""8.761111111111111"",True,""0.5761199243901951"",""36.16227187927661"",""0"",""{Coal,Coal}"",""{2026,2020}"",True"
"856,""40.595799999999997"",""-89.663100000000000"",""17143"",""12.153333333333332"",False,""0.36017575402639973"",""3.6243144430721688"",""0"",""{Coal,Coal}"",""{2022,2022}"",True"
"976,""37.619746999999997"",""-88.953109999999995"",""17199"",""12.153333333333332"",False,""0.5082708267235597"",""20.713139597788686"",""0"",""{Coal}"",""{2020}"",True"
"1384,""36.998100000000001"",""-84.591899999999995"",""21199"",""10.14"",True,""0.7541304977508936"",""68.2657944761116"",""89.30831363543199"",""{Coal}"",""{2023}"",True"
"2079,""39.130600000000001"",""-94.477800000000002"",""29095"",""10.742222222222223"",True,""0.46141849787465944"",""5.590555518460481"",""11.04578744385556"",""{""""Natural Gas and Other Gases"""",""""Natural Gas and Other Gases"""",""""Natural Gas and Other Gases""""}"",""{2020,2020,2020}"",True"
"2167,""36.514699999999998"",""-89.561700000000002"",""29143"",""10.742222222222223"",True,""0.876121194568216"",""68.86731340839677"",""77.26964408244834"",""{Coal,Coal,Coal,Coal,Coal,Coal}"",""{2022,2022,2022,2022,2022,2022}"",True"
"2721,""35.219999999999999"",""-81.759399999999999"",""37045"",""11.615555555555554"",True,""0.7643189330247151"",""26.03035362492753"",""51.74795977480345"",""{Coal,Coal,Coal,Coal,Coal}"",""{2024,2024,2021,2021,2021}"",True"
"2727,""35.597499999999997"",""-80.965800000000002"",""37035"",""11.615555555555554"",True,""0.47839230744646655"",""9.90866265021422"",""0"",""{Coal,""""Natural Gas and Other Gases""""}"",""{2034,2034}"",True"
"2828,""40.252200000000002"",""-80.648600000000002"",""39081"",""11.313333333333333"",False,""0.3506075779499806"",""16.328308494972667"",""0"",""{Coal}"",""{2028}"",True"
"2832,""39.112800000000000"",""-84.803600000000003"",""39061"",""11.313333333333333"",False,""0.41724084542243955"",""15.445027444220443"",""0"",""{Coal,Coal}"",""{2027,2027}"",True"
"2952,""35.761350000000000"",""-95.287319999999994"",""40101"",""8.761111111111111"",True,""0.7676518970196313"",""4.810509281206982"",""36.66242908395628"",""{Coal,Coal}"",""{2026,2020}"",True"
"3118,""40.384200000000000"",""-79.061099999999996"",""42063"",""12.685555555555556"",False,""0.3084625570025426"",""47.03119615082765"",""14.963374209651594"",""{Coal,Coal,Coal}"",""{2024,2023,2023}"",True"
"3130,""40.406250000000000"",""-79.033659999999998"",""42063"",""12.685555555555556"",False,""0.3399429290705694"",""44.73434361816341"",""14.837057284052984"",""{Coal,Coal,Coal}"",""{2024,2023,2023}"",True"
"3797,""37.382199999999997"",""-77.383300000000006"",""51041"",""10.93888888888889"",False,""0.4442258391441973"",""14.423948439387573"",""0"",""{Coal,Coal}"",""{2023,2023}"",True"
